time,frequency_hz,note,confidence
0.0000,250.44,B3+24c,0.5537
0.0100,249.85,B3+20c,0.8154
0.0200,253.17,B3+43c,0.7448
0.0300,257.97,C4-24c,0.6115
0.0400,262.91,C4+9c,0.6495
0.0500,261.72,C4+1c,0.6972
0.0600,261.28,C4-2c,0.6056
0.0700,266.22,C4+30c,0.5007
0.0800,266.67,C4+33c,0.4383
0.0900,268.57,C4+45c,0.3936
0.1000,264.43,C4+18c,0.3871
0.1100,247.84,rest,0.0347
0.1200,226.78,rest,0.0243
0.1300,210.89,rest,0.0231
0.1400,196.49,G3+4c,0.5183
0.1500,194.63,G3-12c,0.6107
0.1600,194.35,G3-15c,0.7800
0.1700,193.97,G3-18c,0.8651
0.1800,195.87,G3-1c,0.9001
0.1900,194.61,G3-12c,0.9216
0.2000,192.69,G3-29c,0.9222
0.2100,195.03,G3-9c,0.9274
0.2200,194.99,G3-9c,0.9100
0.2300,192.79,G3-29c,0.8993
0.2400,194.86,G3-10c,0.8785
0.2500,193.14,G3-25c,0.8829
0.2600,194.94,G3-9c,0.8880
0.2700,195.57,G3-4c,0.8910
0.2800,193.75,G3-20c,0.8791
0.2900,194.24,G3-16c,0.8734
0.3000,196.28,G3+2c,0.8970
0.3100,196.12,G3+1c,0.8985
0.3200,195.78,G3-2c,0.8766
0.3300,194.42,G3-14c,0.8616
0.3400,194.98,G3-9c,0.7990
0.3500,193.83,G3-19c,0.7722
0.3600,196.21,G3+2c,0.7959
0.3700,194.63,G3-12c,0.8455
0.3800,194.22,G3-16c,0.8572
0.3900,193.51,G3-22c,0.8766
0.4000,194.21,G3-16c,0.8857
0.4100,193.70,G3-20c,0.8869
0.4200,194.12,G3-17c,0.8974
0.4300,196.10,G3+1c,0.8963
0.4400,194.57,G3-13c,0.9061
0.4500,196.28,G3+2c,0.9025
0.4600,193.13,G3-26c,0.9213
0.4700,192.97,G3-27c,0.9274
0.4800,194.42,G3-14c,0.9411
0.4900,195.65,G3-3c,0.9252
0.5000,193.83,G3-19c,0.8317
0.5100,196.07,G3+1c,0.7380
0.5200,194.63,G3-12c,0.7891
0.5300,198.15,G3+19c,0.9136
0.5400,197.83,G3+16c,0.9279
0.5500,194.05,G3-17c,0.9241
0.5600,192.87,G3-28c,0.9327
0.5700,195.46,G3-5c,0.9297
0.5800,195.60,G3-3c,0.9337
0.5900,195.10,G3-8c,0.9297
0.6000,193.84,G3-19c,0.9152
0.6100,194.44,G3-14c,0.9082
0.6200,193.47,G3-23c,0.9124
0.6300,195.34,G3-6c,0.9160
0.6400,195.55,G3-4c,0.9041
0.6500,194.49,G3-13c,0.8942
0.6600,195.09,G3-8c,0.8949
0.6700,193.76,G3-20c,0.8932
0.6800,194.32,G3-15c,0.8970
0.6900,196.22,G3+2c,0.8643
0.7000,195.08,G3-8c,0.8959
0.7100,194.32,G3-15c,0.8821
0.7200,193.05,G3-26c,0.8898
0.7300,195.23,G3-7c,0.8627
0.7400,194.41,G3-14c,0.8303
0.7500,194.29,G3-15c,0.7976
0.7600,195.69,G3-3c,0.8298
0.7700,194.33,G3-15c,0.8781
0.7800,194.16,G3-16c,0.8825
0.7900,193.51,G3-22c,0.8972
0.8000,193.07,G3-26c,0.8787
0.8100,193.06,G3-26c,0.9020
0.8200,194.92,G3-10c,0.8758
0.8300,194.08,G3-17c,0.8972
0.8400,193.94,G3-18c,0.8785
0.8500,193.93,G3-18c,0.9032
0.8600,194.86,G3-10c,0.8931
0.8700,194.25,G3-16c,0.9099
0.8800,194.76,G3-11c,0.8959
0.8900,195.36,G3-6c,0.8937
0.9000,194.95,G3-9c,0.9040
0.9100,195.30,G3-6c,0.9177
0.9200,196.16,G3+1c,0.9048
0.9300,196.44,G3+4c,0.9264
0.9400,196.48,G3+4c,0.9413
0.9500,195.68,G3-3c,0.9343
0.9600,197.04,G3+9c,0.9281
0.9700,197.82,G3+16c,0.9188
0.9800,197.18,G3+10c,0.9298
0.9900,197.68,G3+15c,0.9280
1.0000,196.19,G3+2c,0.9228
1.0100,197.95,G3+17c,0.9246
1.0200,197.31,G3+12c,0.9233
1.0300,197.57,G3+14c,0.9274
1.0400,196.36,G3+3c,0.9223
1.0500,196.36,G3+3c,0.9069
1.0600,197.06,G3+9c,0.9153
1.0700,196.31,G3+3c,0.9144
1.0800,195.30,G3-6c,0.9262
1.0900,196.48,G3+4c,0.9200
1.1000,195.21,G3-7c,0.9123
1.1100,197.96,G3+17c,0.9075
1.1200,198.33,G3+21c,0.9098
1.1300,196.06,G3+1c,0.9091
1.1400,197.30,G3+12c,0.8921
1.1500,196.37,G3+3c,0.8917
1.1600,197.85,G3+16c,0.8997
1.1700,196.20,G3+2c,0.9194
1.1800,197.43,G3+13c,0.9273
1.1900,196.42,G3+4c,0.9273
1.2000,196.01,G3+0c,0.9265
1.2100,196.78,G3+7c,0.9186
1.2200,196.87,G3+8c,0.9096
1.2300,198.41,G3+21c,0.8899
1.2400,197.49,G3+13c,0.8325
1.2500,196.40,G3+4c,0.6849
1.2600,197.10,G3+10c,0.6585
1.2700,196.63,G3+6c,0.7511
1.2800,196.51,G3+5c,0.7713
1.2900,197.40,G3+12c,0.8436
1.3000,197.21,G3+11c,0.8960
1.3100,196.81,G3+7c,0.9130
1.3200,197.38,G3+12c,0.9259
1.3300,196.14,G3+1c,0.9410
1.3400,197.22,G3+11c,0.9390
1.3500,194.84,G3-10c,0.9386
1.3600,196.72,G3+6c,0.9133
1.3700,198.29,G3+20c,0.8922
1.3800,196.74,G3+7c,0.8127
1.3900,195.26,G3-7c,0.7107
1.4000,196.27,G3+2c,0.4068
1.4100,197.48,G3+13c,0.4068
1.4200,196.25,G3+2c,0.5165
1.4300,197.58,G3+14c,0.6583
1.4400,196.54,G3+5c,0.7617
1.4500,194.86,G3-10c,0.8438
1.4600,195.62,G3-3c,0.8745
1.4700,197.08,G3+10c,0.8843
1.4800,196.67,G3+6c,0.8802
1.4900,197.81,G3+16c,0.9012
1.5000,195.72,G3-2c,0.8924
1.5100,195.71,G3-3c,0.8978
1.5200,197.11,G3+10c,0.8870
1.5300,198.16,G3+19c,0.9088
1.5400,198.84,G3+25c,0.9139
1.5500,195.38,G3-5c,0.9082
1.5600,196.59,G3+5c,0.9021
1.5700,196.37,G3+3c,0.8817
1.5800,198.37,G3+21c,0.8867
1.5900,196.68,G3+6c,0.8660
1.6000,197.27,G3+11c,0.7346
1.6100,197.44,G3+13c,0.6982
1.6200,199.57,G3+31c,0.7734
1.6300,198.90,G3+25c,0.8174
1.6400,195.25,G3-7c,0.8393
1.6500,194.54,G3-13c,0.8772
1.6600,194.14,G3-16c,0.9106
1.6700,195.07,G3-8c,0.9038
1.6800,193.97,G3-18c,0.9126
1.6900,192.92,G3-27c,0.9080
1.7000,194.58,G3-13c,0.9052
1.7100,192.91,G3-27c,0.8918
1.7200,193.78,G3-20c,0.8800
1.7300,195.16,G3-7c,0.8782
1.7400,193.85,G3-19c,0.8653
1.7500,193.92,G3-18c,0.8743
1.7600,193.88,G3-19c,0.8727
1.7700,195.81,G3-2c,0.8666
1.7800,193.43,G3-23c,0.8338
1.7900,194.56,G3-13c,0.8182
1.8000,193.81,G3-19c,0.7691
1.8100,194.91,G3-10c,0.6989
1.8200,194.57,G3-13c,0.7025
1.8300,192.69,G3-29c,0.7161
1.8400,194.87,G3-10c,0.7947
1.8500,194.60,G3-12c,0.8414
1.8600,194.25,G3-15c,0.8703
1.8700,194.68,G3-12c,0.8690
1.8800,193.98,G3-18c,0.9080
1.8900,194.94,G3-9c,0.8939
1.9000,192.93,G3-27c,0.9037
1.9100,193.56,G3-22c,0.9086
1.9200,192.99,G3-27c,0.9153
1.9300,194.66,G3-12c,0.9011
1.9400,198.50,G3+22c,0.8948
1.9500,196.43,G3+4c,0.8810
1.9600,196.74,G3+7c,0.8044
1.9700,199.36,G3+29c,0.7370
1.9800,199.22,G3+28c,0.5906
1.9900,201.09,G3+44c,0.4615
2.0000,201.72,G3+50c,0.4737
2.0100,200.74,G3+41c,0.6623
2.0200,201.11,G3+45c,0.7570
2.0300,203.23,Ab3-37c,0.7763
2.0400,204.35,Ab3-28c,0.8648
2.0500,205.26,Ab3-20c,0.8756
2.0600,203.92,Ab3-31c,0.8259
2.0700,204.97,Ab3-23c,0.8529
2.0800,204.99,Ab3-22c,0.9219
2.0900,207.19,Ab3-4c,0.9308
2.1000,206.19,Ab3-12c,0.9258
2.1100,205.44,Ab3-19c,0.9401
2.1200,206.75,Ab3-8c,0.9337
2.1300,204.95,Ab3-23c,0.9061
2.1400,204.81,Ab3-24c,0.8913
2.1500,205.24,Ab3-20c,0.9262
2.1600,206.38,Ab3-11c,0.9423
2.1700,206.53,Ab3-9c,0.9390
2.1800,205.46,Ab3-18c,0.9338
2.1900,205.56,Ab3-17c,0.9059
2.2000,204.77,Ab3-24c,0.8533
2.2100,207.62,Ab3+0c,0.8085
2.2200,206.55,Ab3-9c,0.8576
2.2300,207.54,Ab3-1c,0.9126
2.2400,207.31,Ab3-3c,0.9271
2.2500,204.89,Ab3-23c,0.9310
2.2600,205.71,Ab3-16c,0.9330
2.2700,206.45,Ab3-10c,0.9241
2.2800,205.01,Ab3-22c,0.8891
2.2900,208.18,Ab3+4c,0.8771
2.3000,208.48,Ab3+7c,0.8579
2.3100,208.58,Ab3+8c,0.5834
2.3200,223.63,A3+28c,0.3610
2.3300,235.90,Bb3+21c,0.5441
2.3400,232.51,Bb3-4c,0.3808
2.3500,234.73,Bb3+12c,0.3170
2.3600,234.92,Bb3+14c,0.3927
2.3700,232.05,Bb3-8c,0.5095
2.3800,233.17,Bb3+1c,0.7037
2.3900,232.93,Bb3-1c,0.8797
2.4000,233.55,Bb3+4c,0.9219
2.4100,233.69,Bb3+4c,0.9192
2.4200,234.26,Bb3+9c,0.8839
2.4300,230.50,Bb3-19c,0.9047
2.4400,231.77,Bb3-10c,0.9060
2.4500,232.35,Bb3-5c,0.9095
2.4600,231.22,Bb3-14c,0.9016
2.4700,232.75,Bb3-2c,0.8561
2.4800,231.29,Bb3-13c,0.8119
2.4900,232.18,Bb3-7c,0.7510
2.5000,233.38,Bb3+2c,0.6307
2.5100,230.42,Bb3-20c,0.5452
2.5200,228.40,Bb3-35c,0.4862
2.5300,215.34,rest,0.0347
2.5400,207.56,Ab3-1c,0.4465
2.5500,205.66,Ab3-17c,0.5460
2.5600,206.80,Ab3-7c,0.6550
2.5700,205.46,Ab3-18c,0.7194
2.5800,207.43,Ab3-2c,0.6498
2.5900,206.36,Ab3-11c,0.7573
2.6000,204.76,Ab3-24c,0.8265
2.6100,202.80,Ab3-41c,0.8434
2.6200,203.82,Ab3-32c,0.8184
2.6300,203.51,Ab3-35c,0.7965
2.6400,203.70,Ab3-33c,0.8070
2.6500,204.44,Ab3-27c,0.7890
2.6600,202.75,Ab3-41c,0.5691
2.6700,203.09,Ab3-38c,0.6494
2.6800,199.47,G3+30c,0.6183
2.6900,198.17,G3+19c,0.7663
2.7000,195.12,G3-8c,0.8724
2.7100,195.76,G3-2c,0.8982
2.7200,196.98,G3+9c,0.8984
2.7300,194.35,G3-15c,0.8936
2.7400,194.27,G3-15c,0.9042
2.7500,194.12,G3-17c,0.9105
2.7600,194.57,G3-13c,0.8935
2.7700,194.89,G3-10c,0.8679
2.7800,193.84,G3-19c,0.8467
2.7900,194.08,G3-17c,0.8311
2.8000,195.30,G3-6c,0.8460
2.8100,193.98,G3-18c,0.8373
2.8200,194.92,G3-10c,0.8178
2.8300,194.02,G3-18c,0.8643
2.8400,195.50,G3-4c,0.8779
2.8500,194.37,G3-14c,0.8710
2.8600,192.80,G3-28c,0.8348
2.8700,196.21,G3+2c,0.8167
2.8800,194.58,G3-13c,0.7412
2.8900,194.87,G3-10c,0.7767
2.9000,193.35,G3-24c,0.7939
2.9100,194.74,G3-11c,0.8605
2.9200,194.88,G3-10c,0.8534
2.9300,195.34,G3-6c,0.8877
2.9400,194.44,G3-14c,0.8825
2.9500,193.19,G3-25c,0.8839
2.9600,194.76,G3-11c,0.9053
2.9700,195.07,G3-8c,0.8901
2.9800,194.75,G3-11c,0.9061
2.9900,194.91,G3-10c,0.8889
3.0000,196.20,G3+2c,0.8792
3.0100,198.27,G3+20c,0.8555
3.0200,198.67,G3+23c,0.7787
3.0300,194.61,G3-12c,0.7114
3.0400,195.76,G3-2c,0.8232
3.0500,195.93,G3-1c,0.8824
3.0600,197.91,G3+17c,0.9260
3.0700,196.70,G3+6c,0.9229
3.0800,195.60,G3-4c,0.9322
3.0900,192.71,G3-29c,0.9323
3.1000,194.11,G3-17c,0.9208
3.1100,194.82,G3-10c,0.9118
3.1200,194.43,G3-14c,0.8843
3.1300,194.37,G3-14c,0.8731
3.1400,194.26,G3-15c,0.8488
3.1500,195.98,G3+0c,0.8636
3.1600,194.36,G3-15c,0.8452
3.1700,194.94,G3-9c,0.8352
3.1800,193.58,G3-22c,0.8467
3.1900,195.08,G3-8c,0.8395
3.2000,195.30,G3-6c,0.8560
3.2100,195.20,G3-7c,0.8618
3.2200,194.24,G3-16c,0.8811
3.2300,192.85,G3-28c,0.8884
3.2400,196.36,G3+3c,0.9070
3.2500,193.55,G3-22c,0.9028
3.2600,194.08,G3-17c,0.9124
3.2700,194.29,G3-15c,0.9015
3.2800,193.20,G3-25c,0.9027
3.2900,193.68,G3-21c,0.8847
3.3000,194.13,G3-17c,0.8726
3.3100,192.82,G3-28c,0.8812
3.3200,195.80,G3-2c,0.9053
3.3300,195.88,G3-1c,0.8831
3.3400,195.91,G3-1c,0.8565
3.3500,195.14,G3-8c,0.7766
3.3600,196.77,G3+7c,0.5299
3.3700,198.42,G3+21c,0.2633
3.3800,193.86,rest,0.0731
3.3900,185.25,rest,0.0100
3.4000,176.44,rest,0.0702
3.4100,177.02,rest,0.0724
3.4200,175.28,rest,0.0744
3.4300,175.42,rest,0.0547
3.4400,175.22,F3+6c,0.2124
3.4500,175.88,F3+13c,0.2360
3.4600,175.97,F3+13c,0.2050
3.4700,174.95,F3+3c,0.2496
3.4800,171.81,F3-28c,0.4923
3.4900,171.99,F3-26c,0.5235
3.5000,173.27,F3-13c,0.3995
3.5100,171.86,F3-28c,0.2210
3.5200,172.42,F3-22c,0.2496
3.5300,173.79,F3-8c,0.5328
3.5400,173.17,F3-14c,0.5582
3.5500,174.82,F3+2c,0.5685
3.5600,176.99,F3+23c,0.5223
3.5700,174.90,F3+3c,0.6141
3.5800,174.19,F3-4c,0.7776
3.5900,176.90,F3+22c,0.7430
3.6000,175.71,F3+11c,0.7688
3.6100,174.89,F3+3c,0.7403
3.6200,174.76,F3+1c,0.8570
3.6300,175.49,F3+9c,0.8220
3.6400,174.84,F3+2c,0.8173
3.6500,174.51,F3-1c,0.8850
3.6600,174.91,F3+3c,0.8919
3.6700,174.17,F3-4c,0.8801
3.6800,175.05,F3+4c,0.8212
3.6900,174.55,F3-1c,0.5149
3.7000,176.25,F3+16c,0.4361
3.7100,174.98,F3+4c,0.5778
3.7200,175.93,F3+13c,0.6785
3.7300,175.39,F3+8c,0.7263
3.7400,174.61,F3+0c,0.8683
3.7500,175.16,F3+5c,0.8838
3.7600,176.09,F3+15c,0.8881
3.7700,174.30,F3-3c,0.8777
3.7800,173.88,F3-7c,0.8904
3.7900,173.81,F3-8c,0.9151
3.8000,173.73,F3-9c,0.9093
3.8100,174.96,F3+3c,0.8858
3.8200,175.63,F3+10c,0.9003
3.8300,176.27,F3+16c,0.9048
3.8400,174.53,F3-1c,0.9185
3.8500,175.63,F3+10c,0.9196
3.8600,174.46,F3-2c,0.9308
3.8700,174.55,F3-1c,0.9121
3.8800,174.31,F3-3c,0.8895
3.8900,175.72,F3+11c,0.9124
3.9000,175.43,F3+8c,0.9312
3.9100,174.76,F3+1c,0.9317
3.9200,175.51,F3+9c,0.9139
3.9300,175.08,F3+5c,0.9032
3.9400,174.55,F3-1c,0.9133
3.9500,174.50,F3-1c,0.9089
3.9600,174.15,F3-5c,0.8871
3.9700,173.43,F3-12c,0.9024
3.9800,174.91,F3+3c,0.9019
3.9900,172.77,F3-18c,0.8999
4.0000,173.22,F3-14c,0.8115
4.0100,172.98,F3-16c,0.5073
4.0200,171.78,F3-28c,0.1996
4.0300,170.55,rest,0.0238
4.0400,165.07,rest,0.0210
4.0500,161.69,rest,0.0063
4.0600,155.75,Eb3+2c,0.2176
4.0700,155.48,Eb3-1c,0.5450
4.0800,157.76,Eb3+24c,0.7460
4.0900,156.37,Eb3+9c,0.8751
4.1000,155.78,Eb3+2c,0.9232
4.1100,155.26,Eb3-3c,0.9133
4.1200,155.40,Eb3-2c,0.9142
4.1300,154.80,Eb3-8c,0.9243
4.1400,157.49,Eb3+21c,0.9374
4.1500,154.68,Eb3-10c,0.9483
4.1600,155.15,Eb3-5c,0.9231
4.1700,155.62,Eb3+1c,0.9335
4.1800,155.53,Eb3+0c,0.9405
4.1900,155.94,Eb3+4c,0.9289
4.2000,157.18,Eb3+18c,0.9185
4.2100,156.30,Eb3+8c,0.9270
4.2200,156.46,Eb3+10c,0.9356
4.2300,156.14,Eb3+6c,0.9059
4.2400,157.67,Eb3+23c,0.9220
4.2500,155.44,Eb3-1c,0.9259
4.2600,155.04,Eb3-6c,0.9249
4.2700,156.73,Eb3+13c,0.8988
4.2800,155.14,Eb3-5c,0.8948
4.2900,156.98,Eb3+16c,0.8994
4.3000,155.21,Eb3-4c,0.8820
4.3100,156.33,Eb3+8c,0.8603
4.3200,156.06,Eb3+5c,0.7733
4.3300,155.02,Eb3-6c,0.8090
4.3400,155.21,Eb3-4c,0.8479
4.3500,155.09,Eb3-5c,0.8031
4.3600,154.81,Eb3-8c,0.5754
4.3700,160.51,E3-46c,0.5206
4.3800,162.26,E3-27c,0.5165
4.3900,165.06,E3+3c,0.4967
4.4000,166.78,E3+21c,0.3034
4.4100,166.39,E3+16c,0.1898
4.4200,168.54,rest,0.0989
4.4300,167.38,E3+27c,0.1741
4.4400,169.61,rest,0.0836
4.4500,172.99,F3-16c,0.3064
4.4600,173.50,F3-11c,0.5236
4.4700,173.88,F3-7c,0.6599
4.4800,172.57,F3-20c,0.8223
4.4900,172.45,F3-22c,0.8745
4.5000,173.78,F3-8c,0.8749
4.5100,172.93,F3-17c,0.8845
4.5200,173.00,F3-16c,0.9114
4.5300,172.86,F3-17c,0.9145
4.5400,174.45,F3-2c,0.9009
4.5500,172.85,F3-18c,0.9025
4.5600,172.82,F3-18c,0.9045
4.5700,172.08,F3-25c,0.9104
4.5800,173.71,F3-9c,0.9040
4.5900,173.37,F3-12c,0.9120
4.6000,174.30,F3-3c,0.9161
4.6100,174.84,F3+2c,0.9118
4.6200,172.80,F3-18c,0.9215
4.6300,173.85,F3-8c,0.9210
4.6400,173.32,F3-13c,0.9238
4.6500,173.31,F3-13c,0.9270
4.6600,171.67,F3-29c,0.9263
4.6700,172.96,F3-16c,0.9236
4.6800,172.43,F3-22c,0.9114
4.6900,173.67,F3-9c,0.8420
4.7000,176.69,F3+20c,0.7171
4.7100,182.29,Gb3-26c,0.4867
4.7200,186.09,Gb3+10c,0.6062
4.7300,185.13,Gb3+1c,0.5351
4.7400,189.13,Gb3+38c,0.6364
4.7500,191.54,G3-40c,0.4567
4.7600,194.90,G3-10c,0.6133
4.7700,196.55,G3+5c,0.7960
4.7800,192.83,G3-28c,0.8589
4.7900,194.15,G3-16c,0.9349
4.8000,193.96,G3-18c,0.9394
4.8100,194.24,G3-16c,0.9350
4.8200,193.63,G3-21c,0.9256
4.8300,192.39,G3-32c,0.9182
4.8400,194.67,G3-12c,0.9047
4.8500,195.58,G3-4c,0.8818
4.8600,194.57,G3-13c,0.8762
4.8700,194.51,G3-13c,0.8280
4.8800,195.04,G3-9c,0.8358
4.8900,192.63,G3-30c,0.8564
4.9000,193.78,G3-20c,0.8421
4.9100,192.50,G3-31c,0.8553
4.9200,195.12,G3-8c,0.8671
4.9300,193.59,G3-21c,0.8411
4.9400,193.18,G3-25c,0.8131
4.9500,192.70,G3-29c,0.8401
4.9600,195.04,G3-9c,0.8436
4.9700,194.77,G3-11c,0.6129
4.9800,194.10,G3-17c,0.4502
4.9900,194.45,G3-14c,0.7084
5.0000,196.38,G3+3c,0.8131
5.0100,194.94,G3-9c,0.8776
5.0200,196.89,G3+8c,0.8973
5.0300,196.36,G3+3c,0.8341
5.0400,198.28,G3+20c,0.8447
5.0500,196.49,G3+4c,0.9042
5.0600,198.12,G3+19c,0.9212
5.0700,194.18,G3-16c,0.8880
5.0800,192.60,G3-30c,0.8691
5.0900,195.02,G3-9c,0.8580
5.1000,198.47,G3+22c,0.8949
5.1100,196.67,G3+6c,0.8970
5.1200,195.99,G3+0c,0.8813
5.1300,192.84,G3-28c,0.8700
5.1400,194.58,G3-13c,0.8296
5.1500,196.74,G3+7c,0.8910
5.1600,195.62,G3-3c,0.9148
5.1700,195.59,G3-4c,0.8585
5.1800,195.60,G3-4c,0.8280
5.1900,195.18,G3-7c,0.8856
5.2000,197.21,G3+11c,0.9222
5.2100,196.08,G3+1c,0.9189
5.2200,198.13,G3+19c,0.8527
5.2300,196.76,G3+7c,0.8754
5.2400,197.15,G3+10c,0.9118
5.2500,198.18,G3+19c,0.9190
5.2600,198.09,G3+18c,0.8798
5.2700,196.72,G3+6c,0.8330
5.2800,195.55,G3-4c,0.8868
5.2900,197.23,G3+11c,0.9173
5.3000,195.27,G3-6c,0.9204
5.3100,196.05,G3+0c,0.8721
5.3200,197.59,G3+14c,0.8601
5.3300,195.88,G3-1c,0.8843
5.3400,196.90,G3+8c,0.8513
5.3500,197.93,G3+17c,0.8041
5.3600,195.76,G3-2c,0.7728
5.3700,195.46,G3-5c,0.8302
5.3800,197.43,G3+13c,0.8577
5.3900,195.98,G3+0c,0.8728
5.4000,197.87,G3+16c,0.7759
5.4100,197.33,G3+12c,0.8050
5.4200,196.16,G3+1c,0.8239
5.4300,196.78,G3+7c,0.8704
5.4400,194.52,G3-13c,0.8841
5.4500,195.75,G3-2c,0.8355
5.4600,195.83,G3-2c,0.8356
5.4700,198.55,G3+22c,0.5269
5.4800,218.14,rest,0.0153
5.4900,239.69,Bb3+48c,0.1431
5.5000,255.75,C4-39c,0.4598
5.5100,261.21,C4-3c,0.5046
5.5200,261.04,C4-4c,0.5851
5.5300,261.67,C4+0c,0.4891
5.5400,262.53,C4+6c,0.4621
5.5500,262.02,C4+3c,0.5786
5.5600,262.88,C4+8c,0.6770
5.5700,263.49,C4+12c,0.5357
5.5800,262.84,C4+8c,0.6573
5.5900,261.44,C4-1c,0.6601
5.6000,264.06,C4+16c,0.5111
5.6100,263.95,C4+15c,0.7465
5.6200,261.79,C4+1c,0.8047
5.6300,263.88,C4+15c,0.7239
5.6400,263.69,C4+14c,0.7706
5.6500,262.66,C4+7c,0.7836
5.6600,260.50,C4-7c,0.7054
5.6700,262.09,C4+3c,0.7360
5.6800,260.66,C4-6c,0.7898
5.6900,262.30,C4+4c,0.6626
5.7000,263.79,C4+14c,0.7850
5.7100,264.37,C4+18c,0.7393
5.7200,262.57,C4+6c,0.5766
5.7300,262.79,C4+8c,0.7352
5.7400,263.01,C4+9c,0.5930
5.7500,261.67,C4+0c,0.6751
5.7600,261.39,C4-2c,0.7554
5.7700,262.80,C4+8c,0.6003
5.7800,262.60,C4+6c,0.6086
5.7900,260.75,C4-6c,0.6649
5.8000,237.54,rest,0.0010
5.8100,217.13,rest,0.0098
5.8200,199.36,G3+29c,0.5586
5.8300,195.59,G3-4c,0.7978
5.8400,194.44,G3-14c,0.8686
5.8500,195.32,G3-6c,0.9129
5.8600,194.36,G3-15c,0.9028
5.8700,194.77,G3-11c,0.9108
5.8800,193.71,G3-20c,0.9053
5.8900,193.44,G3-23c,0.9014
5.9000,193.16,G3-25c,0.9089
5.9100,193.87,G3-19c,0.9013
5.9200,195.30,G3-6c,0.8822
5.9300,194.57,G3-13c,0.9032
5.9400,193.47,G3-23c,0.9055
5.9500,194.54,G3-13c,0.9181
5.9600,195.14,G3-8c,0.9064
5.9700,195.95,G3+0c,0.9238
5.9800,195.13,G3-8c,0.9305
5.9900,197.44,G3+13c,0.9300
6.0000,197.86,G3+16c,0.9130
6.0100,197.41,G3+12c,0.8798
6.0200,195.49,G3-4c,0.8429
6.0300,192.75,G3-29c,0.7616
6.0400,194.43,G3-14c,0.6642
6.0500,193.85,G3-19c,0.3761
6.0600,194.65,G3-12c,0.1867
6.0700,194.54,G3-13c,0.2759
6.0800,195.06,G3-8c,0.4829
6.0900,193.14,G3-25c,0.6349
6.1000,193.31,G3-24c,0.7187
6.1100,192.76,G3-29c,0.7385
6.1200,194.72,G3-11c,0.7287
6.1300,195.66,G3-3c,0.7272
6.1400,193.39,G3-23c,0.7129
6.1500,193.89,G3-19c,0.6898
6.1600,195.28,G3-6c,0.7067
6.1700,192.69,G3-29c,0.6799
6.1800,194.83,G3-10c,0.6755
6.1900,194.23,G3-16c,0.8172
6.2000,192.92,G3-27c,0.8972
6.2100,195.79,G3-2c,0.9238
6.2200,196.95,G3+8c,0.9224
6.2300,196.91,G3+8c,0.9215
6.2400,195.42,G3-5c,0.9220
6.2500,196.73,G3+6c,0.9074
6.2600,196.57,G3+5c,0.9032
6.2700,196.78,G3+7c,0.9064
6.2800,198.02,G3+18c,0.8590
6.2900,195.03,G3-9c,0.8074
6.3000,195.90,G3-1c,0.8113
6.3100,197.41,G3+12c,0.7704
6.3200,198.25,G3+20c,0.7771
6.3300,196.87,G3+8c,0.7925
6.3400,195.95,G3+0c,0.6824
6.3500,195.18,G3-7c,0.5495
6.3600,196.32,G3+3c,0.4943
6.3700,196.67,G3+6c,0.3065
6.3800,196.66,G3+6c,0.1184
6.3900,198.68,rest,0.0677
6.4000,196.10,rest,0.0457
6.4100,197.71,rest,0.0597
6.4200,197.50,G3+13c,0.1795
6.4300,195.39,G3-5c,0.2796
6.4400,193.88,G3-19c,0.2631
6.4500,195.87,G3-1c,0.3472
6.4600,195.01,G3-9c,0.3798
6.4700,194.38,G3-14c,0.2839
6.4800,193.34,G3-24c,0.2875
6.4900,194.73,G3-11c,0.3181
6.5000,194.05,G3-17c,0.2920
6.5100,193.38,G3-23c,0.4335
6.5200,194.37,G3-14c,0.4730
6.5300,193.59,G3-21c,0.4728
6.5400,192.98,G3-27c,0.5578
6.5500,194.71,G3-11c,0.6317
6.5600,195.47,G3-5c,0.6071
6.5700,195.33,G3-6c,0.5856
6.5800,195.50,G3-4c,0.7020
6.5900,196.52,G3+5c,0.7056
6.6000,195.41,G3-5c,0.7525
6.6100,195.36,G3-6c,0.7333
6.6200,197.11,G3+10c,0.7858
6.6300,196.33,G3+3c,0.7222
6.6400,197.62,G3+14c,0.7212
6.6500,196.77,G3+7c,0.8001
6.6600,198.26,G3+20c,0.7996
6.6700,196.81,G3+7c,0.7292
6.6800,194.87,G3-10c,0.7513
6.6900,197.28,G3+11c,0.7761
6.7000,197.15,G3+10c,0.7919
6.7100,196.57,G3+5c,0.8129
6.7200,197.48,G3+13c,0.7823
6.7300,197.31,G3+12c,0.7874
6.7400,196.64,G3+6c,0.8077
6.7500,197.62,G3+14c,0.7813
6.7600,196.91,G3+8c,0.7475
6.7700,195.55,G3-4c,0.7336
6.7800,198.04,G3+18c,0.7222
6.7900,195.48,G3-5c,0.7078
6.8000,195.88,G3-1c,0.6651
6.8100,195.17,G3-7c,0.6732
6.8200,196.33,G3+3c,0.6234
6.8300,198.22,G3+20c,0.6557
6.8400,197.87,G3+16c,0.5062
6.8500,195.80,G3-2c,0.3925
6.8600,196.73,G3+6c,0.3252
6.8700,196.77,G3+7c,0.2902
6.8800,197.34,G3+12c,0.3546
6.8900,196.96,G3+8c,0.4623
6.9000,195.98,G3+0c,0.1953
6.9100,196.15,G3+1c,0.1285
6.9200,197.05,G3+9c,0.5120
6.9300,196.56,G3+5c,0.7235
6.9400,194.75,G3-11c,0.8548
6.9500,194.53,G3-13c,0.8735
6.9600,196.07,G3+1c,0.9176
6.9700,194.04,G3-17c,0.9252
6.9800,196.00,G3+0c,0.9232
6.9900,195.89,G3-1c,0.9225
7.0000,195.12,G3-8c,0.9159
7.0100,192.93,G3-27c,0.8892
7.0200,196.95,G3+8c,0.8900
7.0300,197.28,G3+11c,0.8885
7.0400,195.46,G3-5c,0.8731
7.0500,197.80,G3+16c,0.8747
7.0600,195.30,G3-6c,0.8746
7.0700,195.16,G3-7c,0.8960
7.0800,197.31,G3+12c,0.8940
7.0900,196.89,G3+8c,0.8866
7.1000,198.71,G3+24c,0.9085
7.1100,196.32,G3+3c,0.9023
7.1200,194.67,G3-12c,0.8661
7.1300,196.97,G3+9c,0.7564
7.1400,196.18,G3+2c,0.6869
7.1500,195.32,G3-6c,0.6146
7.1600,196.44,G3+4c,0.7194
7.1700,196.25,G3+2c,0.7788
7.1800,196.11,G3+1c,0.8672
7.1900,195.38,G3-5c,0.8716
7.2000,196.35,G3+3c,0.8688
7.2100,198.28,G3+20c,0.8702
7.2200,196.93,G3+8c,0.8703
7.2300,197.85,G3+16c,0.8350
7.2400,196.56,G3+5c,0.8358
7.2500,196.22,G3+2c,0.8233
7.2600,197.17,G3+10c,0.7610
7.2700,196.13,G3+1c,0.7922
7.2800,195.67,G3-3c,0.8522
7.2900,196.09,G3+1c,0.8663
7.3000,196.50,G3+4c,0.8727
7.3100,196.94,G3+8c,0.8851
7.3200,195.98,G3+0c,0.8962
7.3300,196.42,G3+4c,0.8957
7.3400,194.18,G3-16c,0.8969
7.3500,193.04,G3-26c,0.8900
7.3600,192.49,G3-31c,0.9031
7.3700,194.94,G3-9c,0.8769
7.3800,194.80,G3-11c,0.8498
7.3900,195.60,G3-3c,0.8519
7.4000,193.59,G3-21c,0.8459
7.4100,195.55,G3-4c,0.8564
7.4200,196.06,G3+1c,0.8630
7.4300,197.50,G3+13c,0.9004
7.4400,197.26,G3+11c,0.9100
7.4500,197.15,G3+10c,0.8801
7.4600,197.03,G3+9c,0.8830
7.4700,193.76,G3-20c,0.8848
7.4800,193.82,G3-19c,0.8723
7.4900,193.72,G3-20c,0.8733
7.5000,194.91,G3-10c,0.8481
7.5100,193.95,G3-18c,0.8260
7.5200,195.19,G3-7c,0.8565
7.5300,195.96,G3+0c,0.8728
7.5400,196.29,G3+3c,0.8662
7.5500,194.03,G3-17c,0.8791
7.5600,196.26,G3+2c,0.9047
7.5700,192.88,G3-28c,0.9077
7.5800,195.01,G3-9c,0.8915
7.5900,193.57,G3-22c,0.8659
7.6000,195.59,G3-4c,0.8886
7.6100,193.17,G3-25c,0.8974
7.6200,194.83,G3-10c,0.8746
7.6300,193.42,G3-23c,0.6808
7.6400,190.99,G3-45c,0.5650
7.6500,193.59,G3-21c,0.4511
7.6600,196.20,G3+2c,0.4556
7.6700,202.92,Ab3-40c,0.6307
7.6800,203.49,Ab3-35c,0.7813
7.6900,202.41,Ab3-44c,0.8405
7.7000,203.29,Ab3-37c,0.8663
7.7100,206.59,Ab3-9c,0.9261
7.7200,207.60,Ab3+0c,0.9167
7.7300,207.16,Ab3-4c,0.9214
7.7400,210.18,Ab3+21c,0.9164
7.7500,204.95,Ab3-23c,0.9470
7.7600,205.64,Ab3-17c,0.9478
7.7700,206.80,Ab3-7c,0.9331
7.7800,206.79,Ab3-7c,0.9072
7.7900,208.32,Ab3+6c,0.9254
7.8000,210.06,Ab3+20c,0.9258
7.8100,206.73,Ab3-8c,0.9060
7.8200,206.36,Ab3-11c,0.9366
7.8300,206.19,Ab3-12c,0.9451
7.8400,205.27,Ab3-20c,0.9294
7.8500,205.57,Ab3-17c,0.8923
7.8600,207.25,Ab3-3c,0.8880
7.8700,210.14,Ab3+21c,0.8665
7.8800,208.04,Ab3+3c,0.8905
7.8900,205.50,Ab3-18c,0.9258
7.9000,207.85,Ab3+2c,0.9242
7.9100,207.02,Ab3-5c,0.9249
7.9200,206.59,Ab3-9c,0.9054
7.9300,209.37,Ab3+14c,0.8765
7.9400,211.29,Ab3+30c,0.7549
7.9500,213.88,A3-49c,0.4720
7.9600,224.65,A3+36c,0.3880
7.9700,235.14,Bb3+15c,0.5512
7.9800,234.56,Bb3+11c,0.5656
7.9900,231.50,Bb3-12c,0.6544
8.0000,234.00,Bb3+7c,0.6957
8.0100,232.05,Bb3-8c,0.6882
8.0200,231.89,Bb3-9c,0.7157
8.0300,233.46,Bb3+3c,0.8042
8.0400,234.09,Bb3+7c,0.9427
8.0500,231.83,Bb3-9c,0.9440
8.0600,233.78,Bb3+5c,0.9150
8.0700,233.03,Bb3+0c,0.9021
8.0800,231.86,Bb3-9c,0.9173
8.0900,231.10,Bb3-15c,0.9192
8.1000,231.59,Bb3-11c,0.9261
8.1100,231.61,Bb3-11c,0.9174
8.1200,230.94,Bb3-16c,0.8862
8.1300,232.31,Bb3-6c,0.8913
8.1400,231.13,Bb3-15c,0.8620
8.1500,233.24,Bb3+1c,0.7753
8.1600,228.85,Bb3-32c,0.6044
8.1700,223.75,A3+29c,0.2428
8.1800,210.28,Ab3+22c,0.4477
8.1900,207.86,Ab3+2c,0.4892
8.2000,208.59,Ab3+8c,0.7003
8.2100,208.35,Ab3+6c,0.8432
8.2200,208.37,Ab3+6c,0.8287
8.2300,207.78,Ab3+1c,0.7762
8.2400,208.99,Ab3+11c,0.8515
8.2500,206.01,Ab3-14c,0.8560
8.2600,206.77,Ab3-7c,0.8431
8.2700,208.13,Ab3+4c,0.8155
8.2800,205.95,Ab3-14c,0.7727
8.2900,207.81,Ab3+1c,0.7375
8.3000,205.41,Ab3-19c,0.7189
8.3100,205.36,Ab3-19c,0.7699
8.3200,200.31,G3+38c,0.7099
8.3300,199.28,G3+29c,0.8336
8.3400,197.77,G3+16c,0.8660
8.3500,192.88,G3-28c,0.9067
8.3600,192.31,G3-33c,0.9242
8.3700,192.52,G3-31c,0.9221
8.3800,193.42,G3-23c,0.9256
8.3900,194.65,G3-12c,0.9240
8.4000,193.00,G3-27c,0.9200
8.4100,193.40,G3-23c,0.9138
8.4200,194.33,G3-15c,0.9028
8.4300,196.02,G3+0c,0.8979
8.4400,194.28,G3-15c,0.8931
8.4500,195.31,G3-6c,0.8967
8.4600,193.83,G3-19c,0.8943
8.4700,195.46,G3-5c,0.8961
8.4800,196.16,G3+1c,0.8804
8.4900,194.52,G3-13c,0.8635
8.5000,194.75,G3-11c,0.8522
8.5100,194.71,G3-11c,0.8400
8.5200,192.54,G3-31c,0.8187
8.5300,194.36,G3-15c,0.7578
8.5400,194.34,G3-15c,0.7779
8.5500,195.71,G3-3c,0.7757
8.5600,196.26,G3+2c,0.8510
8.5700,194.58,G3-13c,0.8548
8.5800,195.32,G3-6c,0.8878
8.5900,195.30,G3-6c,0.8990
8.6000,195.07,G3-8c,0.8976
8.6100,194.33,G3-15c,0.8958
8.6200,195.72,G3-2c,0.9137
8.6300,193.55,G3-22c,0.8947
8.6400,193.10,G3-26c,0.8978
8.6500,195.73,G3-2c,0.8632
8.6600,195.08,G3-8c,0.8835
8.6700,197.47,G3+13c,0.8780
8.6800,198.43,G3+21c,0.8016
8.6900,196.39,G3+3c,0.6874
8.7000,195.58,G3-4c,0.7323
8.7100,195.96,G3+0c,0.8087
8.7200,194.37,G3-14c,0.9022
8.7300,196.38,G3+3c,0.9290
8.7400,194.55,G3-13c,0.9104
8.7500,192.86,G3-28c,0.9115
8.7600,194.41,G3-14c,0.9078
8.7700,193.08,G3-26c,0.9047
8.7800,192.90,G3-28c,0.8656
8.7900,193.83,G3-19c,0.8615
8.8000,195.98,G3+0c,0.8384
8.8100,193.53,G3-22c,0.8513
8.8200,193.48,G3-22c,0.8910
8.8300,194.60,G3-12c,0.9100
8.8400,194.91,G3-10c,0.9241
8.8500,193.23,G3-25c,0.9184
8.8600,195.64,G3-3c,0.9138
8.8700,193.64,G3-21c,0.8971
8.8800,193.72,G3-20c,0.8770
8.8900,193.73,G3-20c,0.8849
8.9000,195.82,G3-2c,0.8893
8.9100,194.70,G3-11c,0.8886
8.9200,193.75,G3-20c,0.9078
8.9300,195.91,G3-1c,0.9010
8.9400,193.93,G3-18c,0.8885
8.9500,196.24,G3+2c,0.8897
8.9600,193.16,G3-25c,0.9125
8.9700,194.15,G3-16c,0.9090
8.9800,193.72,G3-20c,0.8924
8.9900,197.84,G3+16c,0.8361
9.0000,197.41,G3+12c,0.8809
9.0100,196.49,G3+4c,0.8707
9.0200,196.68,G3+6c,0.8497
9.0300,197.70,G3+15c,0.7984
9.0400,195.82,G3-2c,0.5817
9.0500,182.17,Gb3-27c,0.3011
9.0600,177.82,F3+31c,0.5476
9.0700,177.90,F3+32c,0.6167
9.0800,176.90,F3+23c,0.6153
9.0900,178.49,F3+38c,0.6978
9.1000,173.93,F3-7c,0.7278
9.1100,174.63,F3+0c,0.7221
9.1200,175.04,F3+4c,0.7956
9.1300,175.16,F3+5c,0.8326
9.1400,175.31,F3+7c,0.8692
9.1500,176.24,F3+16c,0.8408
9.1600,176.59,F3+20c,0.7792
9.1700,175.32,F3+7c,0.8060
9.1800,174.15,F3-5c,0.8664
9.1900,175.00,F3+4c,0.8815
9.2000,175.03,F3+4c,0.8737
9.2100,174.75,F3+1c,0.8225
9.2200,175.49,F3+9c,0.8637
9.2300,176.47,F3+18c,0.9140
9.2400,175.24,F3+6c,0.9073
9.2500,173.96,F3-6c,0.9274
9.2600,174.77,F3+2c,0.8997
9.2700,175.24,F3+6c,0.9067
9.2800,176.50,F3+19c,0.9204
9.2900,175.27,F3+6c,0.9251
9.3000,176.59,F3+19c,0.9207
9.3100,176.53,F3+19c,0.9059
9.3200,175.96,F3+13c,0.8761
9.3300,174.79,F3+2c,0.8844
9.3400,176.95,F3+23c,0.8322
9.3500,179.08,F3+44c,0.8532
9.3600,178.73,F3+40c,0.7898
9.3700,179.07,F3+44c,0.8590
9.3800,179.56,F3+48c,0.8452
9.3900,178.71,F3+40c,0.8720
9.4000,177.80,F3+31c,0.8683
9.4100,177.96,F3+33c,0.8723
9.4200,175.99,F3+14c,0.8732
9.4300,176.05,F3+14c,0.9012
9.4400,174.98,F3+4c,0.9107
9.4500,174.24,F3-4c,0.9225
9.4600,174.55,F3-1c,0.9325
9.4700,175.71,F3+11c,0.9256
9.4800,176.67,F3+20c,0.9296
9.4900,174.85,F3+2c,0.9381
9.5000,175.12,F3+5c,0.9388
9.5100,175.49,F3+9c,0.9393
9.5200,176.13,F3+15c,0.9345
9.5300,174.64,F3+0c,0.9346
9.5400,175.36,F3+7c,0.9294
9.5500,174.99,F3+4c,0.9359
9.5600,175.79,F3+12c,0.9391
9.5700,174.98,F3+4c,0.9412
9.5800,175.38,F3+8c,0.9442
9.5900,175.91,F3+13c,0.9418
9.6000,175.48,F3+9c,0.9374
9.6100,174.38,F3-2c,0.9360
9.6200,176.44,F3+18c,0.9281
9.6300,175.47,F3+9c,0.9182
9.6400,175.97,F3+13c,0.9051
9.6500,172.03,F3-26c,0.9182
9.6600,172.68,F3-19c,0.9054
9.6700,173.04,F3-16c,0.9089
9.6800,172.27,F3-23c,0.8871
9.6900,172.69,F3-19c,0.8342
9.7000,173.79,F3-8c,0.6891
9.7100,169.19,E3+45c,0.7164
9.7200,167.64,E3+29c,0.7063
9.7300,166.78,E3+21c,0.1430
9.7400,163.83,rest,0.0155
9.7500,158.82,rest,0.0133
9.7600,155.21,rest,0.0827
9.7700,155.65,Eb3+1c,0.2695
9.7800,156.42,Eb3+10c,0.6240
9.7900,155.52,Eb3+0c,0.8244
9.8000,156.69,Eb3+12c,0.8245
9.8100,157.17,Eb3+18c,0.8622
9.8200,157.06,Eb3+17c,0.9179
9.8300,156.04,Eb3+5c,0.9100
9.8400,156.17,Eb3+7c,0.9086
9.8500,155.14,Eb3-5c,0.8980
9.8600,157.23,Eb3+18c,0.9256
9.8700,156.87,Eb3+15c,0.9318
9.8800,156.44,Eb3+10c,0.9212
9.8900,156.20,Eb3+7c,0.8826
9.9000,156.41,Eb3+9c,0.8621
9.9100,154.56,Eb3-11c,0.8706
9.9200,155.94,Eb3+4c,0.8987
9.9300,156.81,Eb3+14c,0.8971
9.9400,154.89,Eb3-8c,0.8911
9.9500,156.00,Eb3+5c,0.8412
9.9600,156.81,Eb3+14c,0.8118
9.9700,154.68,Eb3-10c,0.8574
9.9800,155.01,Eb3-6c,0.8782
9.9900,155.37,Eb3-2c,0.8657
10.0000,154.69,Eb3-10c,0.7523
10.0100,157.46,Eb3+21c,0.2762
10.0200,164.62,E3-2c,0.5971
10.0300,166.66,E3+19c,0.7015
10.0400,165.36,E3+6c,0.3392
10.0500,175.07,F3+5c,0.2341
10.0600,178.07,F3+34c,0.4140
10.0700,178.72,F3+40c,0.4718
10.0800,177.30,F3+26c,0.6254
10.0900,178.00,F3+33c,0.7554
10.1000,178.70,F3+40c,0.7398
10.1100,176.85,F3+22c,0.2108
10.1200,177.52,rest,0.0274
10.1300,177.33,rest,0.0413
10.1400,177.34,F3+27c,0.1404
10.1500,177.16,F3+25c,0.4951
10.1600,174.12,F3-5c,0.8682
10.1700,175.67,F3+10c,0.9112
10.1800,174.78,F3+2c,0.8979
10.1900,175.18,F3+6c,0.8582
10.2000,174.73,F3+1c,0.8884
10.2100,176.44,F3+18c,0.8677
10.2200,174.32,F3-3c,0.5489
10.2300,175.21,F3+6c,0.3068
10.2400,175.71,F3+11c,0.2150
10.2500,174.65,F3+0c,0.3523
10.2600,176.17,F3+15c,0.4222
10.2700,175.20,F3+6c,0.6840
10.2800,174.46,F3-2c,0.7713
10.2900,175.66,F3+10c,0.8389
10.3000,175.84,F3+12c,0.8874
10.3100,175.27,F3+6c,0.8790
10.3200,175.57,F3+9c,0.9048
10.3300,175.56,F3+9c,0.9186
10.3400,175.43,F3+8c,0.9300
10.3500,176.69,F3+20c,0.9306
10.3600,173.92,F3-7c,0.9273
10.3700,173.86,F3-7c,0.9230
10.3800,175.17,F3+6c,0.9221
10.3900,176.18,F3+15c,0.9100
10.4000,175.91,F3+13c,0.8558
10.4100,176.85,F3+22c,0.8099
10.4200,177.07,F3+24c,0.7345
10.4300,178.55,F3+39c,0.6283
10.4400,182.51,rest,0.0858
10.4500,194.12,G3-17c,0.2872
10.4600,192.90,G3-28c,0.7162
10.4700,193.79,G3-20c,0.7104
10.4800,194.28,G3-15c,0.6965
10.4900,193.26,G3-24c,0.8684
10.5000,194.73,G3-11c,0.8890
10.5100,194.26,G3-15c,0.8694
10.5200,195.43,G3-5c,0.8377
10.5300,196.28,G3+3c,0.8750
10.5400,196.66,G3+6c,0.8287
10.5500,196.38,G3+3c,0.8423
10.5600,195.77,G3-2c,0.8830
10.5700,197.40,G3+12c,0.8346
10.5800,195.23,G3-7c,0.7677
10.5900,196.20,G3+2c,0.7422
10.6000,196.82,G3+7c,0.8020
10.6100,196.45,G3+4c,0.7641
10.6200,196.68,G3+6c,0.7225
10.6300,197.93,G3+17c,0.6292
10.6400,197.86,G3+16c,0.5080
10.6500,196.17,G3+2c,0.2314
10.6600,196.24,G3+2c,0.2563
10.6700,196.94,G3+8c,0.3123
10.6800,197.55,G3+14c,0.5990
10.6900,196.73,G3+6c,0.6414
10.7000,195.82,G3-2c,0.6786
10.7100,195.41,G3-5c,0.7836
10.7200,195.00,G3-9c,0.7815
10.7300,196.19,G3+2c,0.8197
10.7400,195.85,G3-1c,0.8143
10.7500,197.40,G3+12c,0.8020
10.7600,196.24,G3+2c,0.8432
10.7700,196.15,G3+1c,0.8680
10.7800,198.39,G3+21c,0.8772
10.7900,196.31,G3+3c,0.8223
10.8000,197.45,G3+13c,0.8475
10.8100,196.71,G3+6c,0.9050
10.8200,195.65,G3-3c,0.9183
10.8300,195.84,G3-1c,0.9127
10.8400,197.97,G3+17c,0.8834
10.8500,195.37,G3-6c,0.9120
10.8600,198.79,G3+24c,0.9172
10.8700,197.77,G3+16c,0.9299
10.8800,196.29,G3+3c,0.9131
10.8900,198.09,G3+18c,0.9199
10.9000,195.01,G3-9c,0.9275
10.9100,196.17,G3+1c,0.9461
10.9200,196.31,G3+3c,0.9295
10.9300,196.33,G3+3c,0.9163
10.9400,195.95,G3+0c,0.9367
10.9500,197.14,G3+10c,0.9452
10.9600,197.94,G3+17c,0.9408
10.9700,197.84,G3+16c,0.9220
10.9800,198.02,G3+18c,0.9183
10.9900,196.28,G3+2c,0.9286
11.0000,196.31,G3+3c,0.9377
11.0100,196.22,G3+2c,0.9307
11.0200,196.25,G3+2c,0.9127
11.0300,198.28,G3+20c,0.9212
11.0400,198.03,G3+18c,0.9225
11.0500,198.12,G3+19c,0.9116
11.0600,195.35,G3-6c,0.8796
11.0700,196.62,G3+5c,0.8888
11.0800,197.42,G3+13c,0.8906
11.0900,196.01,G3+0c,0.9066
11.1000,195.10,G3-8c,0.8205
11.1100,197.17,G3+10c,0.7911
11.1200,196.60,G3+5c,0.8169
11.1300,195.55,G3-4c,0.8365
11.1400,196.28,G3+3c,0.7915
11.1500,196.88,G3+8c,0.6624
11.1600,196.36,G3+3c,0.7106
11.1700,197.08,G3+10c,0.6235
11.1800,195.37,G3-6c,0.6696
11.1900,196.62,G3+6c,0.6271
11.2000,195.84,G3-1c,0.7544
11.2100,196.48,G3+4c,0.8199
11.2200,197.37,G3+12c,0.8359
11.2300,196.63,G3+6c,0.7304
11.2400,196.86,G3+8c,0.7247
11.2500,196.31,G3+3c,0.7800
11.2600,196.12,G3+1c,0.7888
11.2700,197.09,G3+10c,0.7253
11.2800,198.37,G3+21c,0.6699
11.2900,196.73,G3+6c,0.7816
11.3000,196.77,G3+7c,0.7664
11.3100,196.70,G3+6c,0.7811
11.3200,194.42,G3-14c,0.7108
11.3300,193.34,G3-24c,0.5795
11.3400,194.79,G3-11c,0.3984
11.3500,197.03,G3+9c,0.4316
11.3600,196.24,G3+2c,0.4355
11.3700,197.81,G3+16c,0.2361
11.3800,197.25,G3+11c,0.2822
11.3900,198.76,G3+24c,0.3877
11.4000,197.41,G3+12c,0.4017
11.4100,195.18,G3-7c,0.3967
11.4200,196.33,G3+3c,0.4733
11.4300,193.33,G3-24c,0.5373
11.4400,195.01,G3-9c,0.5962
11.4500,194.07,G3-17c,0.3623
11.4600,183.27,rest,0.0243
11.4700,173.61,rest,0.0868
11.4800,162.59,rest,0.0221
11.4900,153.98,Eb3-18c,0.1425
11.5000,148.73,rest,0.0499
11.5100,144.11,rest,0.0024
11.5200,138.98,rest,0.0009
11.5300,134.51,rest,0.0079
11.5400,131.27,rest,0.0911
11.5500,131.25,rest,0.0797
11.5600,131.61,C3+11c,0.4302
11.5700,132.49,C3+22c,0.4680
11.5800,131.20,C3+5c,0.5679
11.5900,131.95,C3+15c,0.6104
11.6000,130.63,C3-2c,0.4983
11.6100,131.58,C3+10c,0.5654
11.6200,132.21,C3+18c,0.6098
11.6300,130.62,C3-2c,0.6364
11.6400,131.69,C3+12c,0.7178
11.6500,132.05,C3+16c,0.7402
11.6600,132.31,C3+20c,0.6060
11.6700,131.95,C3+15c,0.7557
11.6800,131.25,C3+6c,0.7261
11.6900,131.02,C3+3c,0.6961
11.7000,132.14,C3+17c,0.7305
11.7100,131.68,C3+11c,0.6302
11.7200,129.96,C3-11c,0.6498
11.7300,130.75,C3-1c,0.5358
11.7400,131.54,C3+10c,0.5435
11.7500,131.97,C3+15c,0.6502
11.7600,131.79,C3+13c,0.7090
11.7700,131.02,C3+3c,0.5929
11.7800,131.34,C3+7c,0.6290
11.7900,130.98,C3+2c,0.7256
11.8000,130.98,C3+2c,0.7265
11.8100,131.38,C3+8c,0.7174
11.8200,132.17,C3+18c,0.7961
11.8300,130.62,C3-3c,0.8171
11.8400,132.33,C3+20c,0.8164
11.8500,130.67,C3-2c,0.6563
11.8600,133.43,C3+34c,0.3866
11.8700,131.90,C3+14c,0.4540
11.8800,131.97,C3+15c,0.2461
11.8900,132.35,C3+20c,0.3874
11.9000,138.71,rest,0.0128
11.9100,146.71,D3-1c,0.2196
11.9200,147.26,D3+5c,0.2281
11.9300,147.44,D3+7c,0.7103
11.9400,146.83,D3+0c,0.8325
11.9500,147.25,D3+5c,0.8481
11.9600,146.83,D3+0c,0.8693
11.9700,148.86,D3+24c,0.8694
11.9800,147.44,D3+7c,0.8605
11.9900,148.53,D3+20c,0.9085
12.0000,147.66,D3+10c,0.9221
12.0100,148.43,D3+19c,0.9339
12.0200,146.43,D3-5c,0.9339
12.0300,148.06,D3+14c,0.9300
12.0400,147.91,D3+13c,0.9258
12.0500,148.32,D3+17c,0.9390
12.0600,146.64,D3-2c,0.9429
12.0700,145.93,D3-11c,0.9449
12.0800,147.09,D3+3c,0.9462
12.0900,146.55,D3-3c,0.9445
12.1000,147.44,D3+7c,0.9359
12.1100,148.09,D3+15c,0.9407
12.1200,145.84,D3-12c,0.9305
12.1300,147.30,D3+5c,0.9183
12.1400,148.39,D3+18c,0.8963
12.1500,147.18,D3+4c,0.9263
12.1600,148.04,D3+14c,0.8693
12.1700,147.09,D3+3c,0.7918
12.1800,147.61,D3+9c,0.6854
12.1900,146.97,D3+2c,0.6905
12.2000,145.99,D3-10c,0.6687
12.2100,147.07,D3+3c,0.8289
12.2200,146.01,D3-10c,0.7854
12.2300,147.37,D3+6c,0.5998
12.2400,147.09,D3+3c,0.4342
12.2500,148.26,D3+17c,0.2890
12.2600,147.76,D3+11c,0.3519
12.2700,147.05,D3+3c,0.2673
12.2800,147.58,D3+9c,0.4130
12.2900,146.07,D3-9c,0.4057
12.3000,146.94,D3+1c,0.4502
12.3100,147.48,D3+8c,0.5356
12.3200,147.50,D3+8c,0.5331
12.3300,148.30,D3+17c,0.4755
12.3400,146.22,D3-7c,0.3786
12.3500,147.75,D3+11c,0.6492
12.3600,147.64,D3+9c,0.6349
12.3700,147.89,D3+12c,0.7036
12.3800,147.45,D3+7c,0.6399
12.3900,147.47,D3+7c,0.6646
12.4000,148.25,D3+17c,0.5785
12.4100,146.30,D3-6c,0.7560
12.4200,147.39,D3+7c,0.8033
12.4300,148.67,D3+22c,0.8230
12.4400,146.80,D3+0c,0.7751
12.4500,147.21,D3+4c,0.7211
12.4600,146.43,D3-5c,0.8037
12.4700,146.46,D3-4c,0.8094
12.4800,147.88,D3+12c,0.8577
12.4900,147.04,D3+2c,0.8671
12.5000,147.02,D3+2c,0.7642
12.5100,147.09,D3+3c,0.6400
12.5200,147.22,D3+5c,0.1860
12.5300,146.97,D3+2c,0.5115
12.5400,148.16,D3+16c,0.3533
12.5500,147.62,D3+9c,0.5204
12.5600,146.67,rest,0.0643
12.5700,147.87,rest,0.0586
12.5800,150.79,D3+46c,0.1026
12.5900,151.14,Eb3-50c,0.1670
12.6000,150.54,D3+43c,0.2432
12.6100,152.52,Eb3-34c,0.6634
12.6200,154.03,Eb3-17c,0.8038
12.6300,154.87,Eb3-8c,0.8887
12.6400,154.40,Eb3-13c,0.8971
12.6500,156.25,Eb3+8c,0.8975
12.6600,155.34,Eb3-3c,0.9240
12.6700,156.14,Eb3+6c,0.9534
12.6800,157.09,Eb3+17c,0.9429
12.6900,156.37,Eb3+9c,0.9118
12.7000,155.78,Eb3+2c,0.9095
12.7100,155.33,Eb3-3c,0.9277
12.7200,155.96,Eb3+4c,0.9359
12.7300,155.53,Eb3+0c,0.9456
12.7400,156.98,Eb3+16c,0.9580
12.7500,155.95,Eb3+4c,0.9466
12.7600,156.59,Eb3+11c,0.9513
12.7700,156.87,Eb3+14c,0.9419
12.7800,155.16,Eb3-4c,0.9440
12.7900,156.62,Eb3+12c,0.9369
12.8000,156.42,Eb3+10c,0.9410
12.8100,156.12,Eb3+6c,0.9274
12.8200,157.40,Eb3+20c,0.9215
12.8300,157.40,Eb3+20c,0.9281
12.8400,156.02,Eb3+5c,0.9389
12.8500,156.80,Eb3+14c,0.9406
12.8600,156.73,Eb3+13c,0.9366
12.8700,156.48,Eb3+10c,0.9305
12.8800,157.74,Eb3+24c,0.9415
12.8900,156.61,Eb3+12c,0.9386
12.9000,155.46,Eb3-1c,0.9301
12.9100,155.91,Eb3+4c,0.9289
12.9200,155.31,Eb3-3c,0.9345
12.9300,156.73,Eb3+13c,0.9372
12.9400,156.55,Eb3+11c,0.9221
12.9500,156.38,Eb3+9c,0.9355
12.9600,155.99,Eb3+5c,0.9375
12.9700,156.11,Eb3+6c,0.9381
12.9800,155.34,Eb3-2c,0.9245
12.9900,155.89,Eb3+4c,0.9218
13.0000,156.56,Eb3+11c,0.9317
13.0100,155.74,Eb3+2c,0.9268
13.0200,156.58,Eb3+11c,0.9152
13.0300,156.35,Eb3+9c,0.9209
13.0400,155.02,Eb3-6c,0.9146
13.0500,156.00,Eb3+5c,0.9245
13.0600,154.94,Eb3-7c,0.9275
13.0700,155.95,Eb3+4c,0.9415
13.0800,156.74,Eb3+13c,0.9292
13.0900,156.45,Eb3+10c,0.9304
13.1000,154.44,Eb3-13c,0.9436
13.1100,156.11,Eb3+6c,0.9281
13.1200,156.31,Eb3+8c,0.9329
13.1300,155.45,Eb3-1c,0.9370
13.1400,155.09,Eb3-5c,0.9438
13.1500,156.66,Eb3+12c,0.9456
13.1600,157.03,Eb3+16c,0.9339
13.1700,155.82,Eb3+3c,0.9406
13.1800,156.01,Eb3+5c,0.9404
13.1900,155.61,Eb3+1c,0.9431
13.2000,155.92,Eb3+4c,0.9240
13.2100,157.06,Eb3+17c,0.9226
13.2200,154.51,Eb3-12c,0.9089
13.2300,153.92,Eb3-18c,0.9122
13.2400,154.24,Eb3-15c,0.8589
13.2500,152.84,Eb3-31c,0.8516
13.2600,152.33,Eb3-36c,0.8588
13.2700,152.97,Eb3-29c,0.8555
13.2800,152.61,Eb3-33c,0.6593
13.2900,164.04,rest,0.0026
13.3000,179.48,rest,0.0052
13.3100,192.81,G3-28c,0.5799
13.3200,194.64,G3-12c,0.7903
13.3300,195.17,G3-7c,0.8767
13.3400,194.99,G3-9c,0.8993
13.3500,194.71,G3-11c,0.9174
13.3600,195.15,G3-8c,0.9169
13.3700,193.93,G3-18c,0.9115
13.3800,195.08,G3-8c,0.9027
13.3900,194.29,G3-15c,0.9134
13.4000,194.29,G3-15c,0.9196
13.4100,194.46,G3-14c,0.9024
13.4200,193.74,G3-20c,0.8879
13.4300,195.00,G3-9c,0.8903
13.4400,194.60,G3-12c,0.8698
13.4500,193.36,G3-23c,0.8511
13.4600,193.29,G3-24c,0.8530
13.4700,194.51,G3-13c,0.8349
13.4800,195.95,G3+0c,0.8612
13.4900,196.01,G3+0c,0.8583
13.5000,194.25,G3-16c,0.8277
13.5100,195.67,G3-3c,0.7839
13.5200,195.43,G3-5c,0.7454
13.5300,195.24,G3-7c,0.7887
13.5400,193.15,G3-25c,0.8114
13.5500,194.82,G3-10c,0.8354
13.5600,195.61,G3-3c,0.8456
13.5700,194.34,G3-15c,0.8585
13.5800,194.96,G3-9c,0.8716
13.5900,193.38,G3-23c,0.8809
13.6000,196.25,G3+2c,0.8459
13.6100,195.09,G3-8c,0.8881
13.6200,195.55,G3-4c,0.8898
13.6300,197.40,G3+12c,0.9011
13.6400,197.23,G3+11c,0.8424
13.6500,194.26,G3-15c,0.7788
13.6600,192.30,G3-33c,0.4694
13.6700,180.48,Gb3-43c,0.3360
13.6800,182.58,Gb3-23c,0.2657
13.6900,182.13,Gb3-27c,0.2650
13.7000,181.83,Gb3-30c,0.4647
13.7100,181.01,Gb3-38c,0.6002
13.7200,174.66,F3+0c,0.5794
13.7300,175.24,F3+6c,0.6058
13.7400,176.07,F3+14c,0.7085
13.7500,176.50,F3+19c,0.5438
13.7600,177.43,F3+28c,0.5372
13.7700,174.50,F3-1c,0.6036
13.7800,175.82,F3+12c,0.6445
13.7900,176.01,F3+14c,0.7129
13.8000,177.98,F3+33c,0.6251
13.8100,178.62,F3+39c,0.6270
13.8200,173.34,F3-13c,0.5864
13.8300,173.75,F3-9c,0.5687
13.8400,176.35,F3+17c,0.6567
13.8500,177.15,F3+25c,0.7223
13.8600,177.72,F3+31c,0.7547
13.8700,177.20,F3+25c,0.6636
13.8800,175.77,F3+11c,0.6229
13.8900,174.71,F3+1c,0.6114
13.9000,175.35,F3+7c,0.5700
13.9100,178.97,F3+43c,0.5760
13.9200,179.91,Gb3-48c,0.5654
13.9300,182.87,Gb3-20c,0.4844
13.9400,176.99,F3+23c,0.4420
13.9500,176.61,F3+20c,0.5694
13.9600,176.76,F3+21c,0.6201
13.9700,168.72,rest,0.0336
13.9800,162.03,rest,0.0126
13.9900,155.79,Eb3+3c,0.2670
14.0000,156.34,Eb3+9c,0.5097
14.0100,156.63,Eb3+12c,0.5806
14.0200,155.01,Eb3-6c,0.6585
14.0300,156.22,Eb3+7c,0.8226
14.0400,154.85,Eb3-8c,0.8555
14.0500,154.63,Eb3-10c,0.8612
14.0600,153.72,Eb3-21c,0.8849
14.0700,155.26,Eb3-3c,0.8803
14.0800,156.17,Eb3+7c,0.8584
14.0900,155.95,Eb3+4c,0.8098
14.1000,154.89,Eb3-7c,0.8646
14.1100,155.99,Eb3+5c,0.8958
14.1200,155.04,Eb3-6c,0.8788
14.1300,156.22,Eb3+7c,0.8666
14.1400,157.33,Eb3+20c,0.8437
14.1500,155.93,Eb3+4c,0.8602
14.1600,156.67,Eb3+12c,0.9070
14.1700,155.75,Eb3+2c,0.8721
14.1800,155.42,Eb3-2c,0.8993
14.1900,156.71,Eb3+13c,0.8851
14.2000,156.16,Eb3+7c,0.7843
14.2100,156.00,Eb3+5c,0.7167
14.2200,156.83,Eb3+14c,0.8433
14.2300,154.61,Eb3-11c,0.8530
14.2400,155.88,Eb3+3c,0.7620
14.2500,156.32,Eb3+8c,0.7752
14.2600,155.84,Eb3+3c,0.7079
14.2700,155.18,Eb3-4c,0.6598
14.2800,165.98,rest,0.0288
14.2900,180.25,rest,0.0174
14.3000,196.24,rest,0.0022
14.3100,212.91,rest,0.0001
14.3200,231.04,rest,0.0001
14.3300,249.43,rest,0.0003
14.3400,272.31,rest,0.0021
14.3500,294.34,D4+4c,0.7967
14.3600,296.28,D4+15c,0.8096
14.3700,295.47,D4+11c,0.7563
14.3800,295.17,D4+9c,0.8799
14.3900,295.87,D4+13c,0.9178
14.4000,295.57,D4+11c,0.8942
14.4100,294.60,D4+6c,0.8580
14.4200,295.61,D4+11c,0.8433
14.4300,294.42,D4+4c,0.8539
14.4400,293.10,D4-3c,0.8286
14.4500,296.14,D4+15c,0.8225
14.4600,294.40,D4+4c,0.8916
14.4700,293.79,D4+1c,0.9050
14.4800,294.86,D4+7c,0.9011
14.4900,294.32,D4+4c,0.9365
14.5000,294.79,D4+7c,0.9503
14.5100,294.03,D4+2c,0.9498
14.5200,294.63,D4+6c,0.9512
14.5300,293.92,D4+2c,0.9438
14.5400,292.75,D4-5c,0.9540
14.5500,294.80,D4+7c,0.9491
14.5600,291.90,D4-10c,0.9566
14.5700,295.20,D4+9c,0.9485
14.5800,295.20,D4+9c,0.9521
14.5900,296.01,D4+14c,0.9396
14.6000,294.24,D4+3c,0.9514
14.6100,293.58,D4-1c,0.9465
14.6200,292.44,D4-7c,0.9309
14.6300,298.82,D4+30c,0.9093
14.6400,299.20,D4+32c,0.9134
14.6500,298.06,D4+26c,0.8844
14.6600,294.68,D4+6c,0.6874
14.6700,273.84,rest,0.0142
14.6800,248.59,rest,0.0031
14.6900,225.54,rest,0.0004
14.7000,206.52,rest,0.0005
14.7100,187.82,rest,0.0000
14.7200,172.06,rest,0.0002
14.7300,156.20,Eb3+7c,0.7224
14.7400,157.31,Eb3+19c,0.7542
14.7500,155.91,Eb3+4c,0.8633
14.7600,156.25,Eb3+8c,0.9197
14.7700,156.97,Eb3+16c,0.9307
14.7800,156.68,Eb3+12c,0.9539
14.7900,156.30,Eb3+8c,0.9310
14.8000,156.90,Eb3+15c,0.9221
14.8100,156.63,Eb3+12c,0.9420
14.8200,157.25,Eb3+19c,0.9511
14.8300,155.34,Eb3-2c,0.9518
14.8400,155.14,Eb3-5c,0.9484
14.8500,156.88,Eb3+15c,0.9576
14.8600,155.85,Eb3+3c,0.9529
14.8700,156.79,Eb3+14c,0.9589
14.8800,156.38,Eb3+9c,0.9557
14.8900,156.26,Eb3+8c,0.9587
14.9000,156.68,Eb3+12c,0.9582
14.9100,155.40,Eb3-2c,0.9555
14.9200,156.02,Eb3+5c,0.9408
14.9300,155.54,Eb3+0c,0.9374
14.9400,155.61,Eb3+0c,0.9341
14.9500,153.60,Eb3-22c,0.9207
14.9600,155.38,Eb3-2c,0.9180
14.9700,153.76,Eb3-20c,0.8959
14.9800,155.45,Eb3-1c,0.8944
14.9900,152.47,Eb3-35c,0.8642
15.0000,152.54,Eb3-34c,0.8551
15.0100,150.27,D3+40c,0.6197
15.0200,150.16,D3+39c,0.1967
15.0300,147.86,D3+12c,0.1793
15.0400,147.64,D3+9c,0.5120
15.0500,145.92,D3-11c,0.5655
15.0600,146.77,D3-1c,0.7635
15.0700,146.74,D3-1c,0.8455
15.0800,147.85,D3+12c,0.8809
15.0900,146.97,D3+2c,0.9221
15.1000,146.73,D3-1c,0.9292
15.1100,147.52,D3+8c,0.9331
15.1200,148.38,D3+18c,0.9301
15.1300,147.75,D3+11c,0.9114
15.1400,147.53,D3+8c,0.9114
15.1500,147.13,D3+4c,0.9286
15.1600,146.99,D3+2c,0.9279
15.1700,146.95,D3+1c,0.9005
15.1800,146.46,D3-4c,0.9057
15.1900,147.47,D3+7c,0.9251
15.2000,146.90,D3+1c,0.8954
15.2100,147.57,D3+9c,0.9164
15.2200,147.86,D3+12c,0.9431
15.2300,147.26,D3+5c,0.9560
15.2400,148.39,D3+18c,0.9367
15.2500,147.44,D3+7c,0.9515
15.2600,147.25,D3+5c,0.9438
15.2700,148.72,D3+22c,0.9201
15.2800,144.86,D3-23c,0.9190
15.2900,146.57,D3-3c,0.9367
15.3000,145.90,D3-11c,0.9363
15.3100,147.10,D3+3c,0.9402
15.3200,147.54,D3+8c,0.9354
15.3300,147.44,D3+7c,0.9322
15.3400,146.59,D3-3c,0.7173
15.3500,146.99,D3+2c,0.2924
15.3600,133.41,rest,0.0762
15.3700,131.97,rest,0.0816
15.3800,131.71,C3+12c,0.4170
15.3900,133.59,C3+36c,0.7139
15.4000,131.77,C3+13c,0.7722
15.4100,130.52,C3-4c,0.7017
15.4200,131.82,C3+13c,0.7489
15.4300,130.01,C3-11c,0.7581
15.4400,131.32,C3+7c,0.6688
15.4500,131.62,C3+11c,0.7479
15.4600,132.34,C3+20c,0.8023
15.4700,131.01,C3+3c,0.8295
15.4800,131.68,C3+11c,0.8868
15.4900,130.37,C3-6c,0.8958
15.5000,131.95,C3+15c,0.8994
15.5100,131.52,C3+9c,0.9032
15.5200,131.03,C3+3c,0.8890
15.5300,131.61,C3+11c,0.8722
15.5400,130.90,C3+1c,0.8727
15.5500,130.62,C3-3c,0.8751
15.5600,129.16,C3-22c,0.8438
15.5700,129.21,C3-21c,0.8294
15.5800,129.04,C3-24c,0.7892
15.5900,130.15,C3-9c,0.7782
15.6000,128.98,C3-24c,0.8135
15.6100,130.00,C3-11c,0.8542
15.6200,129.79,C3-14c,0.8368
15.6300,127.32,C3-47c,0.8391
15.6400,127.87,C3-39c,0.7910
15.6500,126.80,B2+46c,0.7781
15.6600,127.49,C3-45c,0.7819
15.6700,125.97,B2+35c,0.8244
15.6800,125.87,B2+33c,0.7362
15.6900,126.30,B2+39c,0.2116
15.7000,126.68,rest,0.0613
15.7100,125.34,rest,0.0538
15.7200,124.19,B2+10c,0.2259
15.7300,122.65,B2-12c,0.4650
15.7400,122.78,B2-10c,0.6018
15.7500,122.07,B2-20c,0.2288
15.7600,123.51,rest,0.0367
15.7700,124.02,rest,0.0073
15.7800,124.06,rest,0.0080
15.7900,124.50,rest,0.0310
15.8000,124.59,B2+16c,0.2010
15.8100,124.21,B2+10c,0.3323
15.8200,123.66,B2+3c,0.4722
15.8300,125.49,B2+28c,0.5086
15.8400,125.78,B2+32c,0.5894
15.8500,125.18,B2+24c,0.6354
15.8600,125.64,B2+30c,0.6832
15.8700,124.15,B2+9c,0.6588
15.8800,126.01,B2+35c,0.6657
15.8900,126.05,B2+36c,0.5466
15.9000,125.37,B2+26c,0.6326
15.9100,126.12,B2+37c,0.5008
15.9200,124.48,B2+14c,0.2988
15.9300,124.13,B2+9c,0.1161
15.9400,123.75,B2+4c,0.1312
15.9500,122.88,B2-8c,0.3611
15.9600,124.14,B2+9c,0.4742
15.9700,124.01,B2+8c,0.6135
15.9800,123.29,B2-3c,0.4816
15.9900,125.54,B2+29c,0.4554
16.0000,124.91,B2+20c,0.3717
16.0100,124.88,B2+20c,0.4922
16.0200,127.34,C3-47c,0.6714
16.0300,126.18,B2+38c,0.5647
16.0400,127.46,C3-45c,0.6247
16.0500,127.86,C3-40c,0.7198
16.0600,128.31,C3-33c,0.6863
16.0700,127.73,C3-41c,0.7598
16.0800,127.36,C3-46c,0.7856
16.0900,129.43,C3-18c,0.7538
16.1000,130.15,C3-9c,0.6452
16.1100,131.44,C3+8c,0.5332
16.1200,131.83,C3+13c,0.5346
16.1300,131.70,C3+12c,0.5299
16.1400,130.82,C3+0c,0.5212
16.1500,132.20,C3+18c,0.5995
16.1600,132.31,C3+20c,0.6298
16.1700,131.93,C3+15c,0.5734
16.1800,131.34,C3+7c,0.6242
16.1900,131.50,C3+9c,0.5516
16.2000,132.07,C3+17c,0.6948
16.2100,130.80,C3+0c,0.5847
16.2200,132.54,C3+23c,0.5129
16.2300,130.91,C3+1c,0.7367
16.2400,132.47,C3+22c,0.7281
16.2500,131.46,C3+9c,0.6444
16.2600,131.09,C3+4c,0.7279
16.2700,130.12,C3-9c,0.7846
16.2800,131.92,C3+15c,0.7770
16.2900,130.64,C3-2c,0.7802
16.3000,130.82,C3+0c,0.7971
16.3100,131.40,C3+8c,0.8162
16.3200,130.88,C3+1c,0.8304
16.3300,132.06,C3+16c,0.8404
16.3400,131.60,C3+10c,0.8000
16.3500,131.16,C3+5c,0.8259
16.3600,131.69,C3+12c,0.8565
16.3700,131.12,C3+4c,0.8463
16.3800,131.36,C3+7c,0.8666
16.3900,130.94,C3+2c,0.8849
16.4000,130.44,C3-5c,0.8662
16.4100,132.17,C3+18c,0.8423
16.4200,130.59,C3-3c,0.8426
16.4300,131.43,C3+8c,0.8413
16.4400,131.21,C3+5c,0.9123
16.4500,131.99,C3+16c,0.9253
16.4600,130.72,C3-1c,0.9417
16.4700,130.79,C3+0c,0.9469
16.4800,131.55,C3+10c,0.9441
16.4900,132.15,C3+18c,0.9346
16.5000,131.08,C3+4c,0.9232
16.5100,131.04,C3+3c,0.8831
16.5200,130.21,C3-8c,0.8155
16.5300,132.30,C3+20c,0.8592
16.5400,131.09,C3+4c,0.8481
16.5500,131.74,C3+12c,0.8499
16.5600,131.12,C3+4c,0.8046
16.5700,132.36,C3+20c,0.8021
16.5800,131.18,C3+5c,0.8298
16.5900,130.83,C3+0c,0.8353
16.6000,129.97,C3-11c,0.8698
16.6100,132.01,C3+16c,0.8906
16.6200,130.68,C3-2c,0.9027
16.6300,130.75,C3-1c,0.9099
16.6400,131.06,C3+3c,0.8951
16.6500,131.11,C3+4c,0.8994
16.6600,131.02,C3+3c,0.9128
16.6700,131.56,C3+10c,0.8883
16.6800,131.44,C3+8c,0.8910
16.6900,131.13,C3+4c,0.8999
16.7000,130.37,C3-6c,0.8767
16.7100,131.05,C3+3c,0.8864
16.7200,132.28,C3+19c,0.8816
16.7300,129.09,C3-23c,0.8706
16.7400,129.77,C3-14c,0.8729
16.7500,130.56,C3-3c,0.8619
16.7600,127.17,C3-49c,0.7762
16.7700,128.22,C3-35c,0.4167
16.7800,127.17,C3-49c,0.2292
16.7900,129.23,C3-21c,0.3341
16.8000,131.32,C3+7c,0.6954
16.8100,132.35,C3+20c,0.7742
16.8200,131.07,C3+3c,0.7790
16.8300,131.53,C3+9c,0.8289
16.8400,130.90,C3+1c,0.8149
16.8500,131.61,C3+11c,0.6949
16.8600,130.52,C3-4c,0.7599
16.8700,132.32,C3+20c,0.8153
16.8800,131.35,C3+7c,0.8166
16.8900,131.01,C3+3c,0.8092
16.9000,130.72,C3-1c,0.8697
16.9100,130.66,C3-2c,0.8231
16.9200,131.45,C3+8c,0.8063
16.9300,131.84,C3+14c,0.7984
16.9400,131.83,C3+13c,0.8555
16.9500,132.06,C3+16c,0.8696
16.9600,131.59,C3+10c,0.8615
16.9700,130.72,C3-1c,0.8886
16.9800,131.94,C3+15c,0.8901
16.9900,130.16,C3-9c,0.8720
17.0000,132.26,C3+19c,0.8444
17.0100,131.87,C3+14c,0.8175
17.0200,131.66,C3+11c,0.8222
17.0300,131.83,C3+13c,0.8651
17.0400,131.26,C3+6c,0.8352
17.0500,132.35,C3+20c,0.7992
17.0600,131.12,C3+4c,0.8092
17.0700,131.14,C3+4c,0.7962
17.0800,131.05,C3+3c,0.5954
17.0900,132.19,C3+18c,0.3249
17.1000,131.37,C3+7c,0.1572
17.1100,131.30,C3+6c,0.1271
17.1200,130.66,C3-2c,0.1579
17.1300,132.07,C3+17c,0.1177
17.1400,129.90,C3-12c,0.2306
17.1500,132.61,C3+24c,0.4019
17.1600,131.66,C3+11c,0.6721
17.1700,131.66,C3+11c,0.7356
17.1800,130.96,C3+2c,0.7362
17.1900,131.64,C3+11c,0.6664
17.2000,131.88,C3+14c,0.6750
17.2100,131.91,C3+14c,0.7611
17.2200,131.47,C3+9c,0.6654
17.2300,131.02,C3+3c,0.6594
17.2400,131.44,C3+8c,0.7326
17.2500,130.78,C3+0c,0.7514
17.2600,132.29,C3+19c,0.8706
17.2700,132.39,C3+21c,0.8816
17.2800,131.55,C3+10c,0.8577
17.2900,130.54,C3-4c,0.8796
17.3000,132.00,C3+16c,0.9134
17.3100,131.10,C3+4c,0.8905
17.3200,130.22,C3-8c,0.9079
17.3300,131.22,C3+5c,0.9084
17.3400,131.56,C3+10c,0.8067
17.3500,129.88,C3-12c,0.6521
17.3600,131.81,C3+13c,0.7035
17.3700,132.25,C3+19c,0.6752
17.3800,131.88,C3+14c,0.7512
17.3900,131.06,C3+3c,0.6682
17.4000,130.34,C3-6c,0.5896
17.4100,130.80,C3+0c,0.7141
17.4200,129.38,C3-19c,0.6703
17.4300,130.63,C3-2c,0.3648
17.4400,130.57,rest,0.0627
17.4500,132.87,rest,0.0025
17.4600,134.67,rest,0.0004
17.4700,135.60,rest,0.0000
17.4800,138.20,rest,0.0002
17.4900,141.12,rest,0.0011
17.5000,143.78,rest,0.0055
17.5100,146.11,rest,0.0921
17.5200,147.66,D3+10c,0.6509
17.5300,146.65,D3-2c,0.8779
17.5400,147.19,D3+4c,0.9152
17.5500,146.10,D3-9c,0.9263
17.5600,147.45,D3+7c,0.9308
17.5700,147.22,D3+5c,0.9282
17.5800,148.15,D3+16c,0.9350
17.5900,147.36,D3+6c,0.9063
17.6000,147.23,D3+5c,0.9212
17.6100,146.10,D3-9c,0.9158
17.6200,147.50,D3+8c,0.9201
17.6300,146.79,D3-1c,0.9205
17.6400,146.32,D3-6c,0.9144
17.6500,146.80,D3+0c,0.9158
17.6600,147.21,D3+4c,0.9106
17.6700,147.77,D3+11c,0.8891
17.6800,146.46,D3-4c,0.9030
17.6900,146.32,D3-6c,0.8177
17.7000,145.87,D3-11c,0.8837
17.7100,147.57,D3+9c,0.8386
17.7200,147.71,D3+10c,0.8610
17.7300,148.81,D3+23c,0.8480
17.7400,146.62,D3-2c,0.8341
17.7500,148.23,D3+16c,0.8031
17.7600,146.98,D3+2c,0.8134
17.7700,147.10,D3+3c,0.8240
17.7800,147.91,D3+13c,0.7654
17.7900,146.97,D3+2c,0.7822
17.8000,148.52,D3+20c,0.7432
17.8100,146.51,D3-4c,0.7961
17.8200,147.30,D3+6c,0.7401
17.8300,146.78,D3-1c,0.8549
17.8400,148.50,D3+20c,0.8236
17.8500,147.72,D3+10c,0.8171
17.8600,148.14,D3+15c,0.8139
17.8700,147.19,D3+4c,0.8281
17.8800,147.55,D3+8c,0.7931
17.8900,147.52,D3+8c,0.7101
17.9000,147.70,D3+10c,0.8229
17.9100,148.69,D3+22c,0.8334
17.9200,147.83,D3+12c,0.8293
17.9300,148.35,D3+18c,0.8527
17.9400,146.90,D3+1c,0.8563
17.9500,148.77,D3+23c,0.8081
17.9600,147.18,D3+4c,0.7337
17.9700,148.28,D3+17c,0.8591
17.9800,147.17,D3+4c,0.8774
17.9900,147.98,D3+13c,0.8630
18.0000,147.96,D3+13c,0.8343
18.0100,147.71,D3+10c,0.8244
18.0200,148.31,D3+17c,0.6288
18.0300,147.69,D3+10c,0.7580
18.0400,146.84,D3+0c,0.8484
18.0500,147.36,D3+6c,0.7679
18.0600,147.47,D3+7c,0.8016
18.0700,146.97,D3+2c,0.7142
18.0800,147.56,D3+9c,0.7407
18.0900,146.62,D3-2c,0.5161
18.1000,148.56,D3+20c,0.7017
18.1100,146.46,D3-4c,0.6231
18.1200,148.83,D3+23c,0.6449
18.1300,147.72,D3+10c,0.5032
18.1400,147.52,D3+8c,0.3180
18.1500,147.08,rest,0.0347
18.1600,146.92,rest,0.0624
18.1700,145.93,rest,0.0277
18.1800,148.12,rest,0.0274
18.1900,146.67,rest,0.0217
18.2000,147.25,rest,0.0141
18.2100,147.78,rest,0.0476
18.2200,149.97,D3+37c,0.5846
18.2300,152.66,Eb3-33c,0.6901
18.2400,154.56,Eb3-11c,0.6888
18.2500,153.06,Eb3-28c,0.7816
18.2600,153.21,Eb3-26c,0.8530
18.2700,155.73,Eb3+2c,0.8631
18.2800,154.94,Eb3-7c,0.9063
18.2900,155.20,Eb3-4c,0.9392
18.3000,155.95,Eb3+4c,0.9466
18.3100,154.96,Eb3-7c,0.9610
18.3200,157.05,Eb3+17c,0.9516
18.3300,156.40,Eb3+9c,0.9524
18.3400,156.31,Eb3+8c,0.9546
18.3500,155.95,Eb3+4c,0.9560
18.3600,156.25,Eb3+8c,0.9529
18.3700,154.36,Eb3-13c,0.9495
18.3800,155.33,Eb3-3c,0.9577
18.3900,156.27,Eb3+8c,0.9506
18.4000,156.03,Eb3+5c,0.9546
18.4100,155.27,Eb3-3c,0.9477
18.4200,157.68,Eb3+23c,0.9439
18.4300,154.94,Eb3-7c,0.9499
18.4400,156.02,Eb3+5c,0.9434
18.4500,155.25,Eb3-3c,0.9414
18.4600,156.03,Eb3+5c,0.9337
18.4700,156.57,Eb3+11c,0.9428
18.4800,156.30,Eb3+8c,0.9362
18.4900,155.49,Eb3-1c,0.9451
18.5000,156.01,Eb3+5c,0.9376
18.5100,156.70,Eb3+13c,0.9417
18.5200,156.71,Eb3+13c,0.9357
18.5300,155.50,Eb3-1c,0.9188
18.5400,156.99,Eb3+16c,0.9221
18.5500,157.43,Eb3+21c,0.9196
18.5600,155.15,Eb3-5c,0.8967
18.5700,156.62,Eb3+12c,0.8872
18.5800,156.40,Eb3+9c,0.9028
18.5900,156.20,Eb3+7c,0.8780
18.6000,156.52,Eb3+11c,0.8823
18.6100,155.87,Eb3+3c,0.8839
18.6200,155.10,Eb3-5c,0.8728
18.6300,156.65,Eb3+12c,0.8639
18.6400,155.72,Eb3+2c,0.8726
18.6500,155.05,Eb3-6c,0.8757
18.6600,154.78,Eb3-9c,0.8720
18.6700,156.42,Eb3+10c,0.8599
18.6800,155.10,Eb3-5c,0.8668
18.6900,156.01,Eb3+5c,0.8522
18.7000,154.90,Eb3-7c,0.8644
18.7100,155.23,Eb3-4c,0.8821
18.7200,156.60,Eb3+12c,0.8886
18.7300,155.17,Eb3-4c,0.8761
18.7400,155.38,Eb3-2c,0.8859
18.7500,154.87,Eb3-8c,0.9005
18.7600,154.87,Eb3-8c,0.9015
18.7700,155.83,Eb3+3c,0.8946
18.7800,156.01,Eb3+5c,0.9067
18.7900,157.00,Eb3+16c,0.8660
18.8000,153.97,Eb3-18c,0.8097
18.8100,154.25,Eb3-15c,0.7006
18.8200,156.01,Eb3+5c,0.7058
18.8300,153.24,Eb3-26c,0.7249
18.8400,152.22,Eb3-38c,0.7231
18.8500,150.71,D3+45c,0.5398
18.8600,148.77,D3+23c,0.5024
18.8700,149.12,D3+27c,0.5698
18.8800,148.01,D3+14c,0.4078
18.8900,149.13,D3+27c,0.2943
18.9000,160.42,rest,0.0008
18.9100,171.54,rest,0.0004
18.9200,184.28,rest,0.0038
18.9300,193.03,G3-26c,0.2208
18.9400,194.46,G3-14c,0.6330
18.9500,193.56,G3-22c,0.7457
18.9600,194.26,G3-15c,0.8508
18.9700,195.86,G3-1c,0.8709
18.9800,195.36,G3-6c,0.8616
18.9900,195.46,G3-5c,0.8727
19.0000,196.99,G3+9c,0.8864
19.0100,198.35,G3+21c,0.8945
19.0200,195.97,G3+0c,0.8927
19.0300,196.85,G3+8c,0.8875
19.0400,198.06,G3+18c,0.8411
19.0500,197.12,G3+10c,0.7223
19.0600,197.05,G3+9c,0.6238
19.0700,195.52,G3-4c,0.4822
19.0800,196.94,G3+8c,0.3784
19.0900,197.75,G3+15c,0.2661
19.1000,195.93,G3-1c,0.1123
19.1100,195.97,G3+0c,0.1499
19.1200,198.52,G3+22c,0.1015
19.1300,197.95,G3+17c,0.3132
19.1400,198.09,G3+18c,0.4495
19.1500,196.62,G3+5c,0.4780
19.1600,197.03,G3+9c,0.6152
19.1700,196.45,G3+4c,0.5437
19.1800,198.00,G3+18c,0.4876
19.1900,197.25,G3+11c,0.4835
19.2000,196.17,G3+1c,0.4378
19.2100,196.72,G3+6c,0.3602
19.2200,196.64,G3+6c,0.3845
19.2300,196.23,G3+2c,0.4507
19.2400,196.13,G3+1c,0.3808
19.2500,196.31,G3+3c,0.3644
19.2600,196.24,G3+2c,0.3867
19.2700,196.54,G3+5c,0.2451
19.2800,196.99,G3+9c,0.4583
19.2900,196.86,G3+8c,0.4130
19.3000,197.42,G3+13c,0.4245
19.3100,195.34,G3-6c,0.4817
19.3200,196.45,G3+4c,0.4970
19.3300,196.11,G3+1c,0.3049
19.3400,196.25,G3+2c,0.4341
19.3500,196.04,G3+0c,0.6635
19.3600,197.89,G3+17c,0.7156
19.3700,196.50,G3+4c,0.7374
19.3800,196.10,G3+1c,0.7786
19.3900,195.80,G3-2c,0.7955
19.4000,196.01,G3+0c,0.7019
19.4100,196.54,G3+5c,0.7082
19.4200,197.19,G3+11c,0.8165
19.4300,194.07,G3-17c,0.7182
19.4400,186.63,Gb3+15c,0.4990
19.4500,177.87,F3+32c,0.6075
19.4600,176.16,F3+15c,0.6213
19.4700,176.10,F3+15c,0.7704
19.4800,178.34,F3+37c,0.7910
19.4900,176.93,F3+23c,0.6977
19.5000,174.13,F3-5c,0.6983
19.5100,172.64,F3-20c,0.5954
19.5200,172.33,F3-23c,0.6293
19.5300,175.00,F3+4c,0.2553
19.5400,171.31,rest,0.0820
19.5500,166.87,rest,0.0181
19.5600,163.92,rest,0.0260
19.5700,160.79,E3-43c,0.1121
19.5800,158.48,rest,0.0437
19.5900,157.60,rest,0.0130
19.6000,156.29,rest,0.0372
19.6100,154.75,Eb3-9c,0.1749
19.6200,156.78,Eb3+13c,0.1741
19.6300,157.20,Eb3+18c,0.8575
19.6400,155.66,Eb3+1c,0.7194
19.6500,155.88,Eb3+4c,0.6869
19.6600,156.56,Eb3+11c,0.5381
19.6700,156.35,Eb3+9c,0.5497
19.6800,156.62,Eb3+12c,0.6209
19.6900,156.38,Eb3+9c,0.6795
19.7000,155.71,Eb3+2c,0.8800
19.7100,157.42,Eb3+21c,0.9121
19.7200,155.09,Eb3-5c,0.9015
19.7300,154.73,Eb3-9c,0.8207
19.7400,154.69,Eb3-10c,0.8289
19.7500,156.70,Eb3+13c,0.8897
19.7600,155.14,Eb3-5c,0.7397
19.7700,156.77,Eb3+13c,0.5673
19.7800,156.14,Eb3+6c,0.5146
19.7900,154.32,Eb3-14c,0.3816
19.8000,155.43,Eb3-1c,0.3031
19.8100,156.29,Eb3+8c,0.1803
19.8200,155.91,Eb3+4c,0.3170
19.8300,157.03,Eb3+16c,0.1908
19.8400,154.16,rest,0.0592
19.8500,154.96,rest,0.0630
19.8600,151.09,rest,0.0244
19.8700,151.50,rest,0.0451
19.8800,151.25,rest,0.0371
19.8900,150.77,rest,0.0203
19.9000,149.99,rest,0.0042
19.9100,150.60,rest,0.0011
19.9200,150.27,rest,0.0028
19.9300,148.62,rest,0.0080
19.9400,147.60,rest,0.0456
19.9500,147.73,D3+11c,0.1513
19.9600,147.32,D3+6c,0.1939
19.9700,146.34,D3-6c,0.5836
19.9800,148.31,D3+17c,0.8114
19.9900,146.25,D3-7c,0.8019
20.0000,148.15,D3+15c,0.8698
20.0100,146.93,D3+1c,0.9302
20.0200,147.73,D3+11c,0.9331
20.0300,148.71,D3+22c,0.9356
20.0400,148.63,D3+21c,0.9499
20.0500,147.15,D3+4c,0.9459
20.0600,147.30,D3+6c,0.9445
20.0700,148.23,D3+16c,0.9474
20.0800,146.37,D3-5c,0.9465
20.0900,146.38,D3-5c,0.9380
20.1000,148.02,D3+14c,0.9536
20.1100,147.65,D3+10c,0.9509
20.1200,146.84,D3+0c,0.9475
20.1300,148.72,D3+22c,0.9478
20.1400,146.97,D3+2c,0.9542
20.1500,146.02,D3-10c,0.9502
20.1600,147.54,D3+8c,0.9524
20.1700,147.36,D3+6c,0.9500
20.1800,146.54,D3-4c,0.9512
20.1900,147.54,D3+8c,0.9247
20.2000,147.31,D3+6c,0.9169
20.2100,148.22,D3+16c,0.9095
20.2200,149.09,D3+26c,0.9015
20.2300,149.50,D3+31c,0.8918
20.2400,149.89,D3+36c,0.7890
20.2500,148.93,D3+25c,0.4498
20.2600,148.25,D3+17c,0.4925
20.2700,151.96,Eb3-41c,0.6539
20.2800,152.05,Eb3-40c,0.7489
20.2900,154.30,Eb3-14c,0.8217
20.3000,155.77,Eb3+2c,0.8586
20.3100,154.30,Eb3-14c,0.8694
20.3200,154.83,Eb3-8c,0.8487
20.3300,154.52,Eb3-12c,0.8901
20.3400,153.66,Eb3-21c,0.8789
20.3500,154.89,Eb3-8c,0.8910
20.3600,155.48,Eb3-1c,0.8906
20.3700,156.37,Eb3+9c,0.9099
20.3800,155.43,Eb3-2c,0.9304
20.3900,156.55,Eb3+11c,0.9291
20.4000,156.17,Eb3+7c,0.9020
20.4100,157.15,Eb3+18c,0.9164
20.4200,156.97,Eb3+16c,0.9131
20.4300,155.82,Eb3+3c,0.9275
20.4400,156.75,Eb3+13c,0.9429
20.4500,155.59,Eb3+0c,0.9511
20.4600,156.86,Eb3+14c,0.9394
20.4700,157.52,Eb3+22c,0.9397
20.4800,155.13,Eb3-5c,0.9470
20.4900,157.24,Eb3+19c,0.9526
20.5000,156.75,Eb3+13c,0.9469
20.5100,156.67,Eb3+12c,0.9400
20.5200,156.20,Eb3+7c,0.9323
20.5300,155.02,Eb3-6c,0.9436
20.5400,155.86,Eb3+3c,0.9431
20.5500,156.78,Eb3+13c,0.9289
20.5600,155.32,Eb3-3c,0.9343
20.5700,154.95,Eb3-7c,0.9289
20.5800,155.25,Eb3-3c,0.9309
20.5900,156.14,Eb3+6c,0.9315
20.6000,155.15,Eb3-5c,0.9396
20.6100,157.09,Eb3+17c,0.9356
20.6200,155.40,Eb3-2c,0.9306
20.6300,156.95,Eb3+15c,0.9211
20.6400,156.78,Eb3+13c,0.9240
20.6500,156.72,Eb3+13c,0.9180
20.6600,155.03,Eb3-6c,0.9034
20.6700,156.97,Eb3+16c,0.8840
20.6800,155.99,Eb3+5c,0.8579
20.6900,154.25,Eb3-15c,0.8960
20.7000,153.29,Eb3-25c,0.8856
20.7100,154.12,Eb3-16c,0.8734
20.7200,153.25,Eb3-26c,0.8841
20.7300,152.28,Eb3-37c,0.8723
20.7400,151.71,Eb3-43c,0.7469
20.7500,150.83,D3+47c,0.5483
20.7600,151.13,D3+50c,0.5210
20.7700,149.95,D3+36c,0.5661
20.7800,148.98,D3+25c,0.6014
20.7900,148.68,D3+22c,0.8489
20.8000,149.21,D3+28c,0.8800
20.8100,148.07,D3+15c,0.8487
20.8200,148.47,D3+19c,0.8682
20.8300,147.26,D3+5c,0.8755
20.8400,147.00,D3+2c,0.9193
20.8500,147.38,D3+6c,0.9303
20.8600,146.98,D3+2c,0.9423
20.8700,148.64,D3+21c,0.9341
20.8800,147.48,D3+8c,0.9359
20.8900,148.40,D3+18c,0.9229
20.9000,146.62,D3-3c,0.9126
20.9100,146.87,D3+0c,0.9149
20.9200,147.92,D3+13c,0.9068
20.9300,147.83,D3+12c,0.9174
20.9400,161.74,rest,0.0007
20.9500,177.03,rest,0.0003
20.9600,194.45,rest,0.0001
20.9700,213.62,rest,0.0002
20.9800,234.51,rest,0.0006
20.9900,256.55,C4-34c,0.8090
21.0000,258.16,C4-23c,0.8679
21.0100,263.59,C4+13c,0.9224
21.0200,264.76,C4+21c,0.9172
21.0300,264.88,C4+21c,0.9151
21.0400,262.71,C4+7c,0.9327
21.0500,263.15,C4+10c,0.9276
21.0600,262.63,C4+7c,0.9399
21.0700,264.73,C4+20c,0.9394
21.0800,262.82,C4+8c,0.9380
21.0900,263.66,C4+13c,0.9328
21.1000,261.94,C4+2c,0.9205
21.1100,261.36,C4-2c,0.8918
21.1200,258.96,C4-18c,0.8708
21.1300,258.67,C4-20c,0.8668
21.1400,259.05,C4-17c,0.8797
21.1500,262.12,C4+3c,0.8910
21.1600,261.35,C4-2c,0.8612
21.1700,259.29,C4-16c,0.8215
21.1800,258.88,C4-18c,0.7244
21.1900,259.55,C4-14c,0.5976
21.2000,257.98,C4-24c,0.4923
21.2100,258.41,C4-21c,0.2683
21.2200,259.48,C4-14c,0.3405
21.2300,260.64,C4-7c,0.1738
21.2400,258.78,C4-19c,0.2344
21.2500,260.10,C4-10c,0.3675
21.2600,256.03,C4-37c,0.6122
21.2700,256.22,C4-36c,0.8843
21.2800,256.26,C4-36c,0.8723
21.2900,253.61,B3+46c,0.8356
21.3000,253.36,B3+44c,0.6915
21.3100,252.78,B3+40c,0.4298
21.3200,252.28,B3+37c,0.3079
21.3300,251.55,B3+32c,0.6132
21.3400,251.33,B3+31c,0.8209
21.3500,249.62,B3+19c,0.7611
21.3600,248.54,B3+11c,0.6702
21.3700,247.42,B3+3c,0.5748
21.3800,249.42,B3+17c,0.3292
21.3900,248.90,B3+14c,0.5216
21.4000,249.63,B3+19c,0.7598
21.4100,247.11,B3+1c,0.7464
21.4200,245.83,B3-8c,0.6962
21.4300,247.68,B3+5c,0.6490
21.4400,253.01,B3+42c,0.7303
21.4500,250.45,B3+24c,0.8540
21.4600,249.20,B3+16c,0.8683
21.4700,252.08,B3+36c,0.7976
21.4800,246.29,B3-5c,0.6740
21.4900,249.98,B3+21c,0.5184
21.5000,249.42,B3+17c,0.6611
21.5100,250.92,B3+28c,0.7959
21.5200,251.27,B3+30c,0.8877
21.5300,255.38,C4-42c,0.8446
21.5400,254.71,C4-46c,0.6442
21.5500,253.50,B3+45c,0.3319
21.5600,253.39,B3+45c,0.2835
21.5700,253.95,B3+48c,0.5329
21.5800,254.33,C4-49c,0.6717
21.5900,254.73,C4-46c,0.6865
21.6000,256.23,C4-36c,0.4943
21.6100,255.49,C4-41c,0.3444
21.6200,255.33,C4-42c,0.2927
21.6300,255.43,C4-41c,0.1939
21.6400,262.23,rest,0.0849
21.6500,262.89,rest,0.0737
21.6600,261.58,C4+0c,0.2088
21.6700,261.70,C4+1c,0.4483
21.6800,261.93,C4+2c,0.6518
21.6900,260.27,C4-9c,0.7516
21.7000,261.29,C4-2c,0.7746
21.7100,263.97,C4+15c,0.8946
21.7200,260.82,C4-5c,0.9127
21.7300,262.71,C4+7c,0.9055
21.7400,261.92,C4+2c,0.9107
21.7500,262.29,C4+4c,0.9098
21.7600,262.00,C4+2c,0.9274
21.7700,261.13,C4-3c,0.9496
21.7800,263.67,C4+13c,0.9473
21.7900,261.13,C4-3c,0.9452
21.8000,262.35,C4+5c,0.9492
21.8100,263.54,C4+13c,0.9503
21.8200,262.17,C4+4c,0.9501
21.8300,262.54,C4+6c,0.9477
21.8400,264.12,C4+16c,0.9421
21.8500,260.48,C4-8c,0.9403
21.8600,261.57,C4+0c,0.9315
21.8700,262.97,C4+9c,0.9167
21.8800,263.11,C4+10c,0.9170
21.8900,263.91,C4+15c,0.9020
21.9000,263.60,C4+13c,0.8919
21.9100,264.30,C4+18c,0.8867
21.9200,262.62,C4+7c,0.9184
21.9300,261.37,C4-2c,0.9262
21.9400,263.20,C4+10c,0.9283
21.9500,261.22,C4-3c,0.9172
21.9600,260.54,C4-7c,0.9079
21.9700,260.56,C4-7c,0.8858
21.9800,262.78,C4+8c,0.9039
21.9900,263.27,C4+11c,0.8925
22.0000,264.36,C4+18c,0.9064
22.0100,261.46,C4-1c,0.8444
22.0200,260.44,C4-8c,0.7115
22.0300,240.94,rest,0.0001
22.0400,222.55,rest,0.0002
22.0500,203.27,rest,0.0000
22.0600,189.38,rest,0.0000
22.0700,172.65,rest,0.0001
22.0800,156.19,rest,0.0001
22.0900,142.11,rest,0.0002
22.1000,132.00,C3+16c,0.8232
22.1100,130.62,C3-2c,0.7656
22.1200,131.13,C3+4c,0.8506
22.1300,131.19,C3+5c,0.8588
22.1400,131.67,C3+11c,0.8803
22.1500,130.93,C3+2c,0.8701
22.1600,130.87,C3+1c,0.8855
22.1700,130.85,C3+0c,0.8953
22.1800,130.70,C3-1c,0.9059
22.1900,130.00,C3-11c,0.9105
22.2000,130.29,C3-7c,0.9159
22.2100,130.30,C3-7c,0.9234
22.2200,130.80,C3+0c,0.9265
22.2300,131.07,C3+3c,0.9264
22.2400,132.61,C3+24c,0.9259
22.2500,130.42,C3-5c,0.9358
22.2600,130.54,C3-4c,0.9274
22.2700,130.79,C3+0c,0.9381
22.2800,130.50,C3-4c,0.9317
22.2900,130.75,C3-1c,0.9269
22.3000,130.44,C3-5c,0.9359
22.3100,132.06,C3+16c,0.9356
22.3200,130.29,C3-7c,0.9387
22.3300,130.86,C3+1c,0.9418
22.3400,132.05,C3+16c,0.9379
22.3500,130.83,C3+0c,0.9384
22.3600,132.36,C3+20c,0.9300
22.3700,131.76,C3+12c,0.9348
22.3800,131.14,C3+4c,0.9334
22.3900,131.38,C3+7c,0.9388
22.4000,130.96,C3+2c,0.9423
22.4100,131.09,C3+4c,0.9429
22.4200,131.29,C3+6c,0.9425
22.4300,131.70,C3+12c,0.9280
22.4400,130.65,C3-2c,0.9207
22.4500,131.18,C3+5c,0.9307
22.4600,131.76,C3+13c,0.9152
22.4700,130.42,C3-5c,0.9132
22.4800,132.41,C3+21c,0.9227
22.4900,131.54,C3+10c,0.9235
22.5000,131.48,C3+9c,0.9225
22.5100,131.97,C3+15c,0.9365
22.5200,130.98,C3+2c,0.9234
22.5300,131.44,C3+8c,0.9102
22.5400,132.02,C3+16c,0.9235
22.5500,131.21,C3+5c,0.9154
22.5600,131.60,C3+10c,0.9057
22.5700,131.49,C3+9c,0.9093
22.5800,132.15,C3+18c,0.9119
22.5900,131.24,C3+6c,0.9087
22.6000,131.30,C3+6c,0.9221
22.6100,131.68,C3+11c,0.9340
22.6200,131.02,C3+3c,0.9060
22.6300,131.55,C3+10c,0.9175
22.6400,131.89,C3+14c,0.9255
22.6500,130.67,C3-2c,0.9152
22.6600,131.42,C3+8c,0.9217
22.6700,130.52,C3-4c,0.9327
22.6800,131.64,C3+11c,0.9282
22.6900,131.79,C3+13c,0.9213
22.7000,132.20,C3+18c,0.9117
22.7100,132.54,C3+23c,0.9120
22.7200,131.49,C3+9c,0.9119
22.7300,131.59,C3+10c,0.9332
22.7400,129.98,C3-11c,0.9390
22.7500,131.56,C3+10c,0.9104
22.7600,130.78,C3+0c,0.8474
22.7700,131.48,C3+9c,0.9187
22.7800,131.62,C3+11c,0.9004
22.7900,130.97,C3+2c,0.9295
22.8000,131.67,C3+11c,0.9260
22.8100,131.65,C3+11c,0.9082
22.8200,131.49,C3+9c,0.8992
22.8300,131.26,C3+6c,0.8763
22.8400,131.07,C3+3c,0.8945
22.8500,130.90,C3+1c,0.8377
22.8600,130.38,C3-6c,0.8165
22.8700,131.13,C3+4c,0.6652
22.8800,131.05,C3+3c,0.7897
22.8900,131.91,C3+14c,0.8071
22.9000,130.99,C3+2c,0.8210
22.9100,131.65,C3+11c,0.8557
22.9200,132.13,C3+17c,0.7822
22.9300,131.89,C3+14c,0.7497
22.9400,131.07,C3+3c,0.7043
22.9500,130.85,C3+0c,0.8253
22.9600,131.10,C3+4c,0.8133
22.9700,132.35,C3+20c,0.8012
22.9800,130.56,C3-3c,0.7939
22.9900,130.76,C3-1c,0.8473
23.0000,131.91,C3+14c,0.7882
23.0100,131.74,C3+12c,0.8114
23.0200,131.58,C3+10c,0.8581
23.0300,131.99,C3+15c,0.8756
23.0400,131.93,C3+15c,0.8908
23.0500,130.96,C3+2c,0.8853
23.0600,130.19,C3-8c,0.8846
23.0700,131.53,C3+9c,0.8350
23.0800,130.71,C3-1c,0.8291
23.0900,131.81,C3+13c,0.8567
23.1000,130.58,C3-3c,0.7462
23.1100,131.69,C3+12c,0.8435
23.1200,130.36,C3-6c,0.8789
23.1300,131.17,C3+5c,0.7964
23.1400,130.74,C3-1c,0.7503
23.1500,131.42,C3+8c,0.7969
23.1600,131.87,C3+14c,0.8246
23.1700,132.03,C3+16c,0.8517
23.1800,130.06,C3-10c,0.8606
23.1900,130.65,C3-2c,0.8777
23.2000,132.24,C3+19c,0.8849
23.2100,131.88,C3+14c,0.8880
23.2200,131.03,C3+3c,0.8801
23.2300,130.90,C3+1c,0.7803
23.2400,131.46,C3+9c,0.7631
23.2500,131.79,C3+13c,0.8304
23.2600,131.26,C3+6c,0.8307
23.2700,132.64,C3+24c,0.7511
23.2800,130.13,C3-9c,0.6687
23.2900,131.32,C3+7c,0.6494
23.3000,132.32,C3+20c,0.6386
23.3100,131.24,C3+6c,0.7630
23.3200,131.26,C3+6c,0.7466
23.3300,130.64,C3-2c,0.7258
23.3400,131.98,C3+15c,0.8592
23.3500,130.59,C3-3c,0.7850
23.3600,130.55,C3-3c,0.6416
23.3700,132.06,C3+16c,0.6533
23.3800,131.21,C3+5c,0.6684
23.3900,131.33,C3+7c,0.7902
23.4000,130.60,C3-3c,0.7773
23.4100,131.07,C3+3c,0.7396
23.4200,131.13,C3+4c,0.6418
